{
  "taskName": "js30#1.2-audio-player",
  "github": "https://github.com/rolling-scopes-school/tasks/blob/master/tasks/js30%23/js30-2.md",
  "criteria": [
    {
      "type": "title",
      "title": "Уважаемые проверяющие.\nПроверяются только требования, указанные в критериях.\nЕсли какой-то момент в критериях не описан, его не проверяем и не оцениваем."
    },
    {
      "type": "title",
      "title": "Работа приложения проверяется на компьютере в браузере Google Chrome последней версии\nВсе сомнения трактуются в пользу студента\nЕсли сомневаетесь снимать баллы или нет, не снимайте"
    },
    {
      "type": "title",
      "title": "Вёрстка +10"
    },
    {
      "type": "subtask",
      "text": "вёрстка аудиоплеера: есть кнопка Play/Pause, кнопки \"Вперёд\" и \"Назад\" для пролистывания аудиотреков, прогресс-бар, отображается название и автор трека",
      "max": 5
    },
    {
      "type": "subtask",
      "text": "в футере приложения есть ссылка на гитхаб автора приложения, год создания приложения, логотип курса со ссылкой на курс",
      "max": 5
    },
    {
      "type": "title",
      "title": "Кнопка Play/Pause +10"
    },
    {
      "type": "subtask",
      "text": "есть кнопка Play/Pause, при клике по которой можно запустить или остановить проигрывание аудиотрека",
      "max": 5
    },
    {
      "type": "subtask",
      "text": "внешний вид и функционал кнопки Play/Pause изменяется в зависимости от того, проигрывается ли в данный момент аудиотрек",
      "max": 5
    },
    {
      "type": "subtask",
      "text": "При кликах по кнопкам \"Вперёд\" и \"Назад\" переключается проигрываемый аудиотрек. Аудиотреки пролистываются по кругу - после последнего идёт первый",
      "max": 10
    },
    {
      "type": "subtask",
      "text": "При смене аудиотрека меняется изображение - обложка аудиотрека",
      "max": 10
    },
    {
      "type": "subtask",
      "text": "Прогресс-бар отображает прогресс проигрывания текущего аудиотрека. При перемещении ползунка вручную меняется текущее время проигрывания аудиотрека",
      "max": 10
    },
    {
      "type": "subtask",
      "text": "Отображается продолжительность аудиотрека и его текущее время проигрывания",
      "max": 10
    },
    {
      "type": "subtask",
      "text": "Очень высокое качество оформления приложения и/или дополнительный не предусмотренный в задании функционал, улучшающий качество приложения",
      "max": 10
    },
    {
      "type": "title",
      "title": "ссылки на самые лучшие работы с интересным дополнительным функционалом добавьте, пожалуйста, в эту форму https://forms.gle/retrgFivX1ybcVbp9"
    }
  ]
}
