{
  "taskName": "calculator",
  "criteria": [
    {
      "type": "title",
      "title": "Уважаемые проверяющие. Для многих из вас это первая программа на JavaScript. Проверяйте задание без фанатизма. Ваша задача не сломать приложение используя недопустимые числа и операции, а проверить его функциональность на простых примерах, операциях с дву- и трёхзначными числами. Если пункт требований выполнен не полностью, постарайтесь определить какая часть пункта выполнена и поставить соответствующее количество баллов."
    },
    {
      "type": "title",
      "title": "Примеры вычислений для проверки работоспособности калькулятора ориентировочные, числа могут быть другими. Каждое правильно выполненное вычисление оцениваем в 2 балла. Знак => в примерах означает клик на кнопку калькулятора 'равно'. Если вычисления выполняются на лету и результат выводится без клика по кнопке 'равно', это не является ошибкой."
    },
    {
      "type": "title",
      "title": "Базовая функциональность +10\n Калькулятор выполняет математические операции: сложение, вычитание, умножение, деление. Обязательно наличие десятичной точки, действия с многозначными числами, возможность выполнить несколько действий подряд, очистить результат. Калькулятор воспроизводит функциональность исходного проекта."
    },
    {
      "type": "subtask",
      "text": "1 + 2 => 3",
      "max": 2
    },
    {
      "type": "subtask",
      "text": "23 + 69.5 => 92.5",
      "max": 2
    },
    {
      "type": "subtask",
      "text": "74 * 3 - 5 => 217",
      "max": 2
    },
    {
      "type": "subtask",
      "text": "2 + 3 => 5 продолжаем ввод 4 => 4 - после равно следующая цифра перезаписывает результат",
      "max": 2
    },
    {
      "type": "subtask",
      "text": "есть кнопка, позволяющая очистить результат",
      "max": 2
    },
    {
      "type": "title",
      "title": "Дополнительные математические операции +10\n Добавьте к четырём перечисленным в предыдущем пункте математическим операциям ещё две: извлечение квадратного корня и возведение в степень."
    },
    {
      "type": "subtask",
      "text": "25 √ => 5 или √ 25 => 5 - любой вариант правильный",
      "max": 2
    },
    {
      "type": "subtask",
      "text": "9 √ + 1 => 4 или √ 9 + 1 => 4 - любой вариант правильный",
      "max": 2
    },
    {
      "type": "subtask",
      "text": "2 ^ 2 => 4",
      "max": 2
    },
    {
      "type": "subtask",
      "text": "15 ^ 3 => 3375",
      "max": 2
    },
    {
      "type": "subtask",
      "text": "10.1 ^ 3 => 1030.301",
      "max": 2
    },
    {
      "type": "title",
      "title": "Действия с отрицательными числами +10\n Калькулятор может выполнять действия как с положительными, так и с отрицательными числами. Например, можно поделить -9 на -3. При вводе отрицательного числа перед ним отображается знак 'минус'"
    },
    {
      "type": "subtask",
      "text": "-9 / -3 => 3",
      "max": 2
    },
    {
      "type": "subtask",
      "text": "2 + -2 => 0",
      "max": 2
    },
    {
      "type": "subtask",
      "text": "2 / -2 => -1",
      "max": 2
    },
    {
      "type": "subtask",
      "text": "-9 ^ 3 => -729",
      "max": 2
    },
    {
      "type": "subtask",
      "text": "-9 √ => уведомление об ошибке или √ - 9 => уведомление об ошибке - любой вариант правильный",
      "max": 2
    },
    {
      "type": "title",
      "title": "Действия с дробями +10\n JavaScript не умеет правильно считать дроби. Научите ваш калькулятор это делать. Например, при сложении 0.1 и 0.2 он должен возвращать 0.3"
    },
    {
      "type": "subtask",
      "text": "0.1 + 0.2 => 0.3",
      "max": 2
    },
    {
      "type": "subtask",
      "text": "0.4 - 0.1 => 0.3",
      "max": 2
    },
    {
      "type": "subtask",
      "text": "0.0004 + 0.0004 => 0.0008",
      "max": 2
    },
    {
      "type": "subtask",
      "text": "-0.1 * 0.2 => -0.02",
      "max": 2
    },
    {
      "type": "subtask",
      "text": "-0.15 + -0.15 => -0.3 - а не - 0.30",
      "max": 2
    },
    {
      "type": "title",
      "title": "Ссылки на лучшие работы добавьте, пожалуйста, в эту форму https://forms.gle/4uUvCsJ1WWXPJHCg7"
    }
  ]
}
