{
  "taskName": "Clean code S1E1",
  "information": "При проверке задания откройте задеплоенную страницу проекта в github (если студент деплоил проект) или склонируйте себе проект локально (git clone ...) и откройте index.html в Google Chrome.<br> Итеративно пройдитесь по списку требований ниже, проверяя его выполнение в приложении и проставляя галочки в соответствующем пункте справа. При обнаружении не выполненного или частично выполненного пункта, оставьте комментарий с помощью функции 'Добавить отзыв'",
  "criteria": [
    {
      "type": "title",
      "title": "Максимальный балл за задание - 45"
    },
    {
      "type": "subtask", 
      "text": "Правило '1.1 Отступы' из html-and-css выполняется во всем проекте: табуляция не используется, все отступы выполнены пробельным символом",
      "max": 2
    },
    {
      "type": "subtask",
      "text": "Правило '1.2 Нижний регистр написания' из html-and-css выполняется во всем проекте: все HTML теги, атрибуты из значения, селекторы и их значения записаны в нижнем регистре",
      "max": 2
    },
    {
      "type": "subtask",
      "text": "Правило '1.3 Кавычки в HTML/CSS документе' из html-and-css выполняется во всем проекте: в HTML и СSS файлах используются только двойные кавычки",
      "max": 2
    },
    {
      "type": "subtask",
      "text": "Правило '2.1 Форматирование' из html-and-css выполняется во всем проекте: все блочные, табличные и списочные элементы перенесены на отдельную строку и выделены отступами в соответствии с лестничной иерархией вложенности.",
      "max": 2
    },
    {
      "type": "subtask",
      "text": "Правило '2.2 Тип документа / Document Type' из html-and-css выполняется во всем проекте: doctype присутствует первым тегом в html документе и соответствует типу html5",
      "max": 2
    },
    {
      "type": "subtask",
      "text": "Правило '2.3 Символы-мнемоники' из html-and-css выполняется во всем проекте: символы-мнемоники не используются в html файлах",
      "max": 2
    },
    {
      "type": "subtask",
      "text": "Правило '2.4 Атрибут 'type'' из html-and-css выполняется во всем проекте: CSS-стили и JS-скрипты подключены без использования данного атрибута",
      "max": 2
    },
    {
      "type": "subtask",
      "text": "Правило '3.1 Единый стиль именования селекторов (классов / id)' из html-and-css выполняется во всем проекте: все селекторы именованы в едином стиле, при этом или в соответствии с БЭМ, или все слова в нижнем регистре и разделены между собой дефисом",
      "max": 2
    },
    {
      "type": "subtask",
      "text": "Правило '3.2 Значимые названия идентификаторов и классов' из html-and-css выполняется во всем проекте: все имена классов и идентификаторов имеют или осмысленные имена в соответствии с их функциональным значением (!но НЕ ВНЕШНИМ ВИДОМ!), или шаблонное имя (также соответствующее назначению элемента)",
      "max": 2
    },
    {
      "type": "subtask",
      "text": "Правило '3.3 Лаконичность названий идентификаторов и классов' из html-and-css выполняется во всем проекте: все имена id и классов понятны, достаточно длинные для понимания их назначения и при этом лаконичны",
      "max": 2
    },
    {
      "type": "subtask",
      "text": "Правило '3.4 Теговые селекторы' из html-and-css выполняется во всем проекте: теговые селекторы не используются (за исключением намеренного сброса дефолтных стилей)",
      "max": 2
    },
    {
      "type": "subtask",
      "text": "Правило '3.5 Отступы в блоках' из html-and-css выполняется во всем проекте: содержимое всех блоков отделены отступами",
      "max": 2
    },
    {
      "type": "subtask",
      "text": "Правило '3.6 Пробел после названий свойств' из html-and-css выполняется во всем проекте: значения CSS-свойств отделены пробелами после двоеточия",
      "max": 2
    },
    {
      "type": "subtask",
      "text": "Правило '3.7 Точка с запятой после свойств' из html-and-css выполняется во всем проекте: после каждого CSS-правила стоит точка с запятой",
      "max": 2
    },
    {
      "type": "subtask",
      "text": "Правило '3.8 Разделение селекторов и свойств' из html-and-css выполняется во всем проекте: каждый селектор в групповом перечислении CSS-блока отделен переносом строки",
      "max": 2
    },
    {
      "type": "subtask",
      "text": "Правило '1.1 Семантика' из html-and-css-extended соблюдено: все html-теги используются в соответствии с их назначением. При этом использование div-элементов сведено к минимуму, где возможно они заменены на семантические html5 элементы",
      "max": 5
    },
    {
      "type": "subtask",
      "text": "Правило '1.2 Альтернатива для мультимедиа' из html-and-css-extended соблюдено: каждый мультимедиа элемент (в данном задании img) имеет alt-атрибут с осмысленным содержанием, соответствующим контенту элементы. При этом чисто декоративные картинки имеют alt с пустым значением.",
      "max": 5
    },
    {
      "type": "subtask",
      "text": "Правило '2.1 БЭМ' из html-and-css-extended соблюдено: все классы именованы согласно БЭМ нотации",
      "max": 5
    },
    {
      "type": "title",
      "title": "Штрафные баллы"
    },
    {
      "type": "penalty", 
      "text": "Обоснованное подозрение на списывание: число коммитов, порядок, текст сообщения и их содержание полностью совпадает с чужой работой",
      "max": -45
    },
    {
      "type": "penalty",
      "text": "Работа с невыполненным обязательным требованием задания \"Весь функционал приложения должен исправно работать после ваших изменений\" (исключение, если функциональность была изначально поломана в исходном репозитории до изменений студента)",
      "max": -45
    },
    {
      "type": "penalty",
      "text": "Формат коммит сообщений составлен вразрез указаным в задании требованиям",
      "max": -25
    },
    {
      "type": "penalty",
      "text": "Все правки сделаны в ОДНОМ коммите",
      "max": -45
    },
    {
      "type": "penalty",
      "text": "Коммит содержит изменения по нескольким правилам, НЕ перекрывающим друг друга",
      "max": -20
    },
    {
      "type": "penalty",
      "text": "Использовано неправильное название ветки или все сделано в master ветке",
      "max": -25
    },
    {
      "type": "penalty",
      "text": "Pull Request сделан НЕ в свой репозиторий",
      "max": -15
    }
  ]
}