{
  "taskName": "RSS Игра в пятнашки",
  "github": "https://github.com/rolling-scopes-school/tasks/blob/master/tasks/codejam-the-gem-puzzle.md",
  "information": "",
  "criteria": [
    {
      "type": "title",
      "title": "Basic scope +30"
    },
    {
      "type": "subtask",
      "text": "вёрстка, дизайн, UI",
      "max": 10
    },
    {
      "type": "subtask",
      "text": "cостояние игрового поля генерируется случайным образом",
      "max": 10
    },
    {
      "type": "subtask",
      "text": "при клике по фишке, стоящей рядом с пустой клеткой, фишка перемещается на место пустой клетки",
      "max": 10
    },
    {
      "type": "title",
      "title": "Advanced scope +60"
    },
    {
      "type": "subtask",
      "text": "игру можно начать заново без перезагрузки страницы",
      "max": 10
    },
    {
      "type": "subtask",
      "text": "отображается время игры и количество ходов",
      "max": 10
    },
    {
      "type": "subtask",
      "text": "фишки можно перетягивать мышкой",
      "max": 10
    },
    {
      "type": "subtask",
      "text": "реализовано сохранение состояния игры и сохранение 10 лучших результатов с иcпользованием LocalStorage",
      "max": 10
    },
    {
      "type": "subtask",
      "text": "реализован выбор размера поля",
      "max": 10
    },
    {
      "type": "subtask",
      "text": "звуковое сопровождение передвижения фишек",
      "max": 10
    },
    {
      "type": "title",
      "title": "Hacker scope +80"
    },
    {
      "type": "subtask",
      "text": "анимация перемещения пятнашек на поле",
      "max": 10
    },
    {
      "type": "subtask",
      "text": "когда игра закончилась, выводится сообщение «Ура! Вы решили головоломку за ##:## и N ходов»",
      "max": 10
    },
    {
      "type": "subtask",
      "text": "вместо цифр на карточках используются картинки",
      "max": 30
    },
    {
      "type": "subtask",
      "text": "реализовано автоматическое, анимированное завершение игры",
      "max": 30
    },
    {
      "type": "title",
      "title": "Штрафы"
    },
    {
      "type": "penalty",
      "text": "Ошибки в консоли, связанные с исполняемым кодом(ошибки типа favicon.ico: Failed to load resource: the server responded with a status of 404 не учитываются)",
      "max": -15
    }
  ]
}