{
  "taskName": "HTML & CSS",

  "criteria": [
    {
      "type": "title",
      "title": "Максимальный балл за задание - 100"
    },
    {
      "type": "subtask", 
      "text": "вёрстка валидная",
      "max": 10
    },
    {
      "type": "subtask",
      "text": "вёрстка семантическая",
      "max": 10
    },
    {
      "type": "subtask",
      "text": "используются заголовки h1-h6",
			"max": 10
    },
		{
      "type": "subtask",
      "text": "для оформления СV используются css-стили",
			"max": 10
    },
		{
      "type": "subtask",
      "text": "контент размещается в блоке, который горизонтально центрируется на странице",
			"max": 10
    },
		{
      "type": "subtask",
      "text": "Можно провести курсором мышки с зажатой левой кнопкой по клавишам пианино, при этом клавиши, над которыми в данный момент находится курсор, переходят в активное состояние",
			"max": 10
    },
		{
      "type": "subtask",
      "text": "на странице СV присутствует изображение, пропорции изображения не искажены, у изображения есть атрибут alt",
			"max": 10
    },
		{
      "type": "subtask",
      "text": "контакты указаны в виде списка ul > li",
			"max": 10
    },
		{
      "type": "subtask",
      "text": "CV содержит контакты, краткую информацию о себе, навыки, примеры кода, образование, уровень английского",
			"max": 10
    },
		{
      "type": "subtask",
      "text": "CV выполнено на английском языке",
			"max": 10
    },
		{
      "type": "subtask",
      "text": "выполнены требования к репозиторию: есть ссылка на задание, скриншот страницы СV, ссылка на деплой страницы CV на GitHub Pages, указана дата дедлайна, выполнена самооценка",
      "max": 10
    }
  ]
}
