{
  "taskName": "js30",

  "criteria": [
    {
      "type": "title",
      "title": "Повторить исходный проект"
    },
    {
      "type": "subtask",
      "text": "Разобраться в коде чужого проекта, понять его, воспроизвести исходное приложение. Правки и изменения допускаются и приветствуются, если они не ухудшают внешний вид и функционал исходного проекта. За недостатки, которые присутствуют в исходном проекте, баллы не снимаются.",
      "max": 10
    },
    {
      "type": "title",
      "title": "Обязательный дополнительный фукционал"
    },
    {
      "type": "subtask",
      "text": "Для каждого проекта указан обязательный дополнительный функционал, который необходимо реализовать. В каждом задании обязательный дополнительный функционал свой, он указан в описании задания.",
      "max": 10
    },
    {
      "type": "title",
      "title": "Дополнительный фукционал на выбор"
    },
    {
      "type": "subtask",
      "text": "Дополнительный фукционал на выбор это одно или несколько улучшений, которые вы можете добавить в свой проект. Для каждого проекта предлагаются несколько возможных вариантов его улучшения. Вы можете реализовать одно или несколько из них, или добавить в проект свои собственные улучшения. Каждое качественно выполненное улучшение из предложенных в задании или своё собственное, аналогичное им по сложности, оценивается в 10 баллов. Количество улучшений не ограничено. При этом максимальный балл за таск - 30. Даже если от исходного проекта ничего не осталось и обязательный дополнительный функционал не выполнен, автор работы может получить максимальный балл за таск только за счёт дополнительного функционала на выбор, если по качеству выполнения и/или сложности он не уступает исходному проекту и обязательному дополнительному фукционалу.",
      "max": 10
    },
    {
      "type": "title",
      "title": "Ссылки на лучшие проекты добавьте, пожалуйста, в форму https://forms.gle/CwZuCqgo8zCUapm88"
    }
  ]
}
