{
  "taskName": "js30#2.3-movie-app",
  "github": "https://github.com/rolling-scopes-school/tasks/blob/master/tasks/js30%23/js30-6.md",
  "criteria": [
    {
      "type": "title",
      "title": "Уважаемые проверяющие.\nПроверяются только требования, указанные в критериях.\nЕсли какой-то момент в критериях не описан, его не проверяем и не оцениваем."
    },
    {
      "type": "title",
      "title": "Работа приложения проверяется на компьютере в браузере Google Chrome последней версии\nВсе сомнения трактуются в пользу студента\nЕсли сомневаетесь снимать баллы или нет, не снимайте"
    },
    {
      "type": "title",
      "title": "Вёрстка +10"
    },
    {
      "type": "subtask",
      "text": "на странице есть несколько карточек фильмов и строка поиска. На каждой карточке фильма есть постер и название фильма. Также на карточке может быть другая информация, которую предоставляет API, например, описание фильма, его рейтинг на IMDb и т.д.",
      "max": 5
    },
    {
      "type": "subtask",
      "text": "в футере приложения есть ссылка на гитхаб автора приложения, год создания приложения, логотип курса со ссылкой на курс",
      "max": 5
    },
    {
      "type": "subtask",
      "text": "При загрузке приложения на странице отображаются карточки фильмов с полученными от API данными",
      "max": 10
    },
    {
      "type": "subtask",
      "text": "Если в поле поиска ввести слово и отправить поисковый запрос, на странице отобразятся карточки фильмов, в названиях которых есть это слово, если такие данные предоставляет API ",
      "max": 10
    },
    {
      "type": "title",
      "title": "Поиск +30"
    },
    {
      "type": "subtask",
      "text": "при открытии приложения курсор находится в поле ввода",
      "max": 5
    },
    {
      "type": "subtask",
      "text": "есть placeholder",
      "max": 5
    },
    {
      "type": "subtask",
      "text": "автозаполнение поля ввода отключено (нет выпадающего списка с предыдущими запросами)",
      "max": 5
    },
    {
      "type": "subtask",
      "text": "поисковый запрос можно отправить нажатием клавиши Enter",
      "max": 5
    },
    {
      "type": "subtask",
      "text": "после отправки поискового запроса и отображения результатов поиска, поисковый запрос продолжает отображаться в поле ввода",
      "max": 5
    },
    {
      "type": "subtask",
      "text": "в поле ввода есть крестик при клике по которому поисковый запрос из поля ввода удаляется и отображается placeholder",
      "max": 5
    },
    {
      "type": "subtask",
      "text": "Очень высокое качество оформления приложения и/или дополнительный не предусмотренный в задании функционал, улучшающий качество приложения",
      "max": 10
    },
    {
      "type": "title",
      "title": "ссылки на самые лучшие работы с интересным дополнительным функционалом добавьте, пожалуйста, в эту форму https://forms.gle/retrgFivX1ybcVbp9"
    }
  ]
}
