{
  "taskName": "museum-dom",
  "github": "https://github.com/rolling-scopes-school/tasks/blob/master/tasks/museum/museum-dom.md",
  "criteria": [
    {
      "type": "title",
      "title": "Уважаемые проверяющие.\nПроверяются только требования, указанные в критериях.\nЕсли какой-то момент в критериях не описан, его не проверяем и не оцениваем."
    },
    {
      "type": "title",
      "title": "Работа приложения проверяется на компьютере в браузере Google Chrome последней версии только для разрешения 1920рх\nВсе сомнения трактуются на пользу студента\nЕсли сомневаетесь снимать баллы или нет, не снимайте"
    },
    {
      "type": "title",
      "title": "Слайдер в секции Welcome +24"
    },
    {
      "type": "subtask",
      "text": "есть возможность перелистывания слайдов влево и вправо кликами по стрелкам",
      "max": 4
    },
    {
      "type": "subtask",
      "text": "есть возможность перелистывания слайдов влево и вправо свайпами (движениями) мышки",
      "max": 4
    },
    {
      "type": "subtask",
      "text": "есть возможность перелистывания слайдов кликами по буллетам (квадратики внизу слайдера)",
      "max": 2
    },
    {
      "type": "subtask",
      "text": "слайды перелистываются плавно с анимацией смещения вправо или влево",
      "max": 4
    },
    {
      "type": "subtask",
      "text": "перелистывание слайдов бесконечное (зацикленное)",
      "max": 4
    },
    {
      "type": "subtask",
      "text": "при перелистывании слайдов буллет активного слайда подсвечивается (выделяется стилем)",
      "max": 2
    },
    {
      "type": "subtask",
      "text": "при перелистывании слайдов кликами или свайпами меняется номер активного слайда",
      "max": 2
    },
    {
      "type": "subtask",
      "text": "даже при частых кликах или свайпах нет ситуации, когда слайд после перелистывания находится не по центру, нет ситуации, когда видны одновременно два слайда",
      "max": 2
    },
    {
      "type": "title",
      "title": "Слайдер в секции Video (в слайдах - видео с YouTube) +20"
    },
    {
      "type": "subtask",
      "text": "при клике по самому слайду или кнопке Play в центре слайда, внутри слайда проигрывается видео с YouTube. Никакие изменения с основным видео при этом не происходят",
      "max": 2
    },
    {
      "type": "subtask",
      "text": "если видео с YouTube проигрывается, клик по кнопке Pause останавливает его проигрывание. Также проигрывание видео останавливается, если кликнуть по другому слайду или кнопке Play в центре другого слайда. В указанной ситуации другое видео должно запуститься, а текущее остановиться. Невозможно проигрывание нескольких YouTube видео одновременно",
      "max": 2
    },
    {
      "type": "subtask",
      "text": "если внутри слайда проигрывается видео с YouTube, клик по стрелке перелистывания слайдов или клик по буллету останавливает проигрывание видео",
      "max": 2
    },
    {
      "type": "subtask",
      "text": "есть возможность перелистывания слайдов с видео влево и вправо кликами по стрелкам. Слайды перелистываются по одному, при этом также меняется основное видео",
      "max": 2
    },
    {
      "type": "subtask",
      "text": "есть возможность перелистывания слайдов кликами по буллетам (кружочки внизу слайдера), при этом также меняется основное видео",
      "max": 2
    },
    {
      "type": "subtask",
      "text": "слайды перелистываются плавно с анимацией смещения вправо или влево (для смены основного видео анимация смещения не требуется и не проверяется)",
      "max": 2
    },
    {
      "type": "subtask",
      "text": "перелистывание слайдов бесконечное (зацикленное)",
      "max": 2
    },
    {
      "type": "subtask",
      "text": "при перелистывании слайдов буллет активного слайда подсвечивается (выделяется стилем)",
      "max": 2
    },
    {
      "type": "subtask",
      "text": "если основное видео проигрывалось при перелистывании слайдера, проигрывание видео останавливается, прогресс бар сдвигается к началу, иконки \"Play\" на панели управления и по центру видео меняются на первоначальные",
      "max": 2
    },
    {
      "type": "subtask",
      "text": "даже при частых кликах по стрелкам нет ситуации, когда слайд после перелистывания находится не по центру, нет ситуации, когда видны одновременно два слайда",
      "max": 2
    },
    {
      "type": "title",
      "title": "Кастомный видеоплеер, созданный на основе тега video +36"
    },
    {
      "type": "subtask",
      "text": "при клике по кнопке \"Play\" слева внизу на панели видео начинается проигрывание видео, иконка кнопки при этом меняется на \"Pause\", большая кнопка \"Play\" по центру видео исчезает. Повторный клик на кнопку останавливает проигрывание видео, иконка меняется на первоначальную, большая кнопка \"Play\" по центру видео снова отображается",
      "max": 4
    },
    {
      "type": "subtask",
      "text": "при клике по большой кнопке \"Play\" по центру видео, или при клике по самому видео, начинается проигрывание видео, иконка кнопки \"Play\" слева внизу на панели видео меняется на \"Pause\", большая кнопка \"Play\" по центру видео исчезает. Клик на видео, которое проигрывается, останавливает проигрывание видео, иконка кнопки \"Play\" слева внизу на панели видео меняется на первоначальную, большая кнопка \"Play\" по центру видео снова отображается",
      "max": 4
    },
    {
      "type": "subtask",
      "text": "прогресс-бар отображает прогресс проигрывания видео",
      "max": 2
    },
    {
      "type": "subtask",
      "text": "перетягивание ползунка прогресс-бара позволяет изменить время с которого проигрывается видео",
      "max": 2
    },
    {
      "type": "subtask",
      "text": "если прогресс-бар перетянуть до конца, видео останавливается, соответственно, меняется внешний вид кнопок \"Play\"",
      "max": 2
    },
    {
      "type": "subtask",
      "text": "при клике на иконку динамика происходит toggle звука и самой иконки (звук включается или выключается, соответственно изменяется иконка)",
      "max": 2
    },
    {
      "type": "subtask",
      "text": "при перемещении ползунка громкости звука изменяется громкость видео",
      "max": 2
    },
    {
      "type": "subtask",
      "text": "если ползунок громкости звука перетянуть до 0, звук выключается, иконка динамика становится зачеркнутой",
      "max": 2
    },
    {
      "type": "subtask",
      "text": "если при выключенном динамике перетянуть ползунок громкости звука от 0, звук включается, иконка громкости перестаёт быть зачёркнутой",
      "max": 2
    },
    {
      "type": "subtask",
      "text": "при нажатии на кнопку fullscreen видео переходит в полноэкранный режим, при этом видео и панель управления разворачиваются во весь экран. При нажатии на кнопку fullscreen повторно видео выходит из полноэкранного режима. Нажатие на клавишу для выхода из полноэкранного режима Esc не проверяем и не оцениваем",
      "max": 2
    },
    {
      "type": "subtask",
      "text": "панель управления в полноэкранном режиме визуально выглядит так же, как на макете - кнопки равномерно распределены по всей ширине страницы, относительные размеры между кнопками и ползунками, а также относительные размеры самих кнопок остались прежними",
      "max": 2
    },
    {
      "type": "title",
      "title": "управление плеером с клавиатуры. Горячие клавиши должны работать так же, как работают эти клавиши в YouTube видео +10\nКлавиши и группы клавиш работают в русской и английской раскладке клавиатуры\nПри изменении скорости воспроизведения поверх видео появляется и исчезает число с текущим коэффициентом воспроизведения, как это происходит в YouTube видео"
    },
    {
      "type": "subtask",
      "text": "клавиша Пробел — пауза, при повторном нажатии - play",
      "max": 2
    },
    {
      "type": "subtask",
      "text": "Клавиша M (англ) — отключение/включение звука",
      "max": 2
    },
    {
      "type": "subtask",
      "text": "Клавиша F — включение/выключение полноэкранного режима",
      "max": 2
    },
    {
      "type": "subtask",
      "text": "Клавиши SHIFT+, (англ) — ускорение воспроизведения ролика",
      "max": 2
    },
    {
      "type": "subtask",
      "text": "Клавиши SHIFT+. (англ) — замедление воспроизведения ролика",
      "max": 2
    },
    {
      "type": "title",
      "title": "Слайдер сравнения изображений в секции Explore +10"
    },
    {
      "type": "subtask",
      "text": "ползунок можно перетягивать мышкой по горизонтали",
      "max": 2
    },
    {
      "type": "subtask",
      "text": "ползунок никогда не выходит за границы картины",
      "max": 2
    },
    {
      "type": "subtask",
      "text": "при перемещении ползунка справа налево плавно появляется нижняя картина",
      "max": 2
    },
    {
      "type": "subtask",
      "text": "при перемещении ползунка слева направо плавно появляется верхняя картина",
      "max": 2
    },
    {
      "type": "subtask",
      "text": "при обновлении страницы ползунок возвращается в исходное положение",
      "max": 2
    },
    {
      "type": "title",
      "title": "Анимация при прокрутке изображений в секции Galery +8"
    },
    {
      "type": "subtask",
      "text": "при прокрутке страницы вниз появление картин секции Galery сопровождается анимацией: изображения плавно поднимаются снизу вверх, увеличиваясь и создавая эффект выплывания. В качестве образца анимации используйте анимацию на сайте Лувра https://www.louvre.fr/",
      "max": 4
    },
    {
      "type": "subtask",
      "text": "если прокрутить страницу вверх и затем снова прокручивать вниз, анимация появления картин повторяется",
      "max": 2
    },
    {
      "type": "subtask",
      "text": "при обновлении страницы, если она к тому моменту была прокручена до секции Galery, анимация картин повторяется",
      "max": 2
    },
    {
      "type": "title",
      "title": "Калькулятор продажи билетов в секции Tiskets +10"
    },
    {
      "type": "subtask",
      "text": "при изменении количества билетов Basic и Senior пересчитывается общая цена за них",
      "max": 4
    },
    {
      "type": "subtask",
      "text": "у каждого типа билетов своя цена (20 €, 25 €, 40 € для Basic и половина этой стоимости для Senior). При изменении типа билета пересчитывается общая цена за них",
      "max": 4
    },
    {
      "type": "subtask",
      "text": "при обновлении страницы сохраняется выбранное ранее количество билетов Basic и Senior, выбранный тип билета, общая цена за них",
      "max": 2
    },
    {
      "type": "title",
      "title": "Калькулятор продажи билетов в форме продажи билетов +14"
    },
    {
      "type": "subtask",
      "text": "когда при клике по кнопке Buy now открывается форма, она уже содержит данные, указанные на странице сайта - количество билетов, их тип, общая цена за них",
      "max": 2
    },
    {
      "type": "subtask",
      "text": "когда пользователь выбирает дату в форме слева, она отображается в билете справа",
      "max": 2
    },
    {
      "type": "subtask",
      "text": "нельзя выбрать дату в прошлом",
      "max": 2
    },
    {
      "type": "subtask",
      "text": "когда пользователь выбирает время в форме слева, оно отображается в билете справа",
      "max": 2
    },
    {
      "type": "subtask",
      "text": "время можно выбирать с 9:00 до 18:00 с интервалом в 30 минут",
      "max": 2
    },
    {
      "type": "subtask",
      "text": "можно изменить тип билета в поле Ticket type слева при этом меняется тип билета, цена билета и общая стоимость билетов справа",
      "max": 2
    },
    {
      "type": "subtask",
      "text": "можно изменить количество билетов каждого типа в поле слева при этом меняется количество билетов и общая стоимость билетов справа",
      "max": 2
    },
    {
      "type": "title",
      "title": "Валидация формы +16"
    },
    {
      "type": "subtask",
      "text": "валидация имени пользователя. Имя пользователя должно содержать от 3 до 15 символов, в качестве символов могут быть использованы буквы английского или русского алфавита в нижнем или верхнем регистре и пробелы",
      "max": 4
    },
    {
      "type": "subtask",
      "text": "валидация e-mail должна пропукать только адреса вида username@example.com, где: username - имя пользователя, должно содержать от 3 до 15 символов (буквы, цифры, знак подчёркивания, дефис), не должно содержать пробелов; @ - символ собачки; example - домен первого уровня состоит минимум из 4 латинских букв; com - домен верхнего уровня, отделяется от домена первого уровня точкой и состоит минимум из 2 латинских букв",
      "max": 4
    },
    {
      "type": "subtask",
      "text": "валидация номера телефона: номер содержит только цифры; без разделения или с разделением на две или три цифры; разделение цифр может быть через дефис или пробел; с ограничением по количеству цифр не больше 10 цифр",
      "max": 4
    },
    {
      "type": "subtask",
      "text": "при попытке ввода в форму невалидного значения выводится предупреждение, например, \"номер телефона может содержать только цифры\"",
      "max": 4
    },
    {
      "type": "title",
      "title": "Интерактивная карта в секции Contacts +12"
    },
    {
      "type": "subtask",
      "text": "в секции Contacts добавлена интерактивная карта",
      "max": 4
    },
    {
      "type": "subtask",
      "text": "на карте отображаются маркеры, расположение и внешний вид маркеров соответствует макету",
      "max": 4
    },
    {
      "type": "subtask",
      "text": "стиль карты соответствует макету",
      "max": 4
    },
    {
      "type": "subtask",
      "text": "Любой собственный дополнительный функционал, улучшающий качество проекта. Например, ночная тема, плавная смена изображений в блоке Tickets, всплывающее окно с информацией про картины и их авторов, кнопка прокрутки страницы вверх, возможность проголосовать за понравившиеся картины с сохранением данных в local storage, всё зависит от вашей фантазии и чувства вкуса. Для удобства проверки выполненный вами дополнительный функционал включите в самооценку, которую выведите в консоль браузера",
      "max": 10
    }
  ]
}
