{
  "taskName": "museum",
  "github": "https://github.com/rolling-scopes-school/tasks/blob/master/tasks/museum/museum-stage1.md",
  "criteria": [
    {
      "type": "title",
      "title": "Уважаемые проверяющие.\nПроверяются только требования, указанные в критериях.\nЕсли какой-то момент в критериях не описан, его не проверяем и не оцениваем."
    },
    {
      "type": "title",
      "title": "Работа приложения проверяется на компьютере в браузере Google Chrome последней версии\nВсе сомнения трактуются на пользу студента\nЕсли сомневаетесь снимать баллы или нет, не снимайте"
    },
    {
      "type": "subtask",
      "text": "Вёрстка валидная. Для проверки валидности вёрстки используйте сервис https://validator.w3.org/. Валидной вёрстке соответствует надпись \"Document checking completed. No errors or warnings to show.\"",
      "max": 10
    },
    {
      "type": "title",
      "title": "Вёрстка семантическая +24\nВ коде странице присутствуют следующие элементы (указано минимальное количество, может быть больше)"
    },
    {
      "type": "subtask",
      "text": "header, main, footer",
      "max": 2
    },
    {
      "type": "subtask",
      "text": "семь элементов section (по количеству секций)",
      "max": 2
    },
    {
      "type": "subtask",
      "text": "только один заголовок h1",
      "max": 2
    },
    {
      "type": "subtask",
      "text": "семь заголовков h2 (по количеству секций)",
      "max": 2
    },
    {
      "type": "subtask",
      "text": "шесть заголовков h3 (по количеству карточек)",
      "max": 2
    },
    {
      "type": "subtask",
      "text": "два элемента nav (основная и вспомогательная панель навигации)",
      "max": 2
    },
    {
      "type": "subtask",
      "text": "три списка ul > li > a (основная и вспомогательная панель навигации, ссылки на соцсети)",
      "max": 2
    },
    {
      "type": "subtask",
      "text": "тринадцать кнопок button (четыре из них в секции Video, пять в секции Tickets, по две - стрелки слайдера и плейлиста)",
      "max": 2
    },
    {
      "type": "subtask",
      "text": "три тега input type=\"radio\" (в секции Tickets)",
      "max": 2
    },
    {
      "type": "subtask",
      "text": "два тега input type=\"number\"(в секции Tickets)",
      "max": 2
    },
    {
      "type": "subtask",
      "text": "два тега input type=\"range\" (громкось и прогрес-бар видео)",
      "max": 2
    },
    {
      "type": "subtask",
      "text": "для всех элементов img указан обязательный атрибут alt",
      "max": 2
    },
    {
      "type": "title",
      "title": "Вёрстка соответствует макету +45\n- допускается отклонение вёрстки от макета до 10px по горизонтали и вертикали, если соблюдается визуальное сходство вёрстки и макета\n -разрешены и даже приветствуются правки размеров и расположения криво нарисованных блоков.\n- в качестве инструмента для проверки соответствия вёрстки макету используйте дополнение PerfectPixel\n- при проверке вёрстки при помощи расширения PerfectPixel в первую очередь убедитесь, что в расширении выставлен масштаб 1, в браузере и операционной системе - масштаб 100%\n- если разрешение экрана 1920рх и больше, для проверки вёрстки на соответствие макету достаточно вручную выставить макет по верхнему левому углу направляющих\n- если разрешение экрана меньше 1920рх, для проверки используем device toolbar браузера Google Chrome в режиме responsive\n- каждый блок и секция рассматриваются по раздельности, т.е. недочеты предыдущего блока не переносятся на следующий, а при переходе проверки на следующий блок, мы его выравниваем с наложенным изображением\n- относительно текста проверяем его выравнивание по левому или правому краю, отступы до границы блока. Размеры текста проверяются только по высоте. Отличие в ширине слов и отступах между буквами при сопоставлении макета и вёрстки не считается ошибкой, если используется правильный шрифт с правильно указанными свойствами"
    },
    {
      "type": "subtask",
      "text": "блок header",
      "max": 5
    },
    {
      "type": "subtask",
      "text": "секция Welcome",
      "max": 5
    },
    {
      "type": "subtask",
      "text": "секция Visiting",
      "max": 5
    },
    {
      "type": "subtask",
      "text": "секция Explore",
      "max": 5
    },
    {
      "type": "subtask",
      "text": "секция Video",
      "max": 5
    },
    {
      "type": "subtask",
      "text": "секция Gallery",
      "max": 5
    },
    {
      "type": "subtask",
      "text": "секция Tickets",
      "max": 5
    },
    {
      "type": "subtask",
      "text": "секция Contacts",
      "max": 5
    },
    {
      "type": "subtask",
      "text": "блок footer",
      "max": 5
    },
    {
      "type": "title",
      "title": "Форма покупки билетов +22"
    },
    {
      "type": "subtask",
      "text": "форма плавно выдвигается слева при открытии и плавно возвращается назад при закрытии. В открытом состоянии под формой есть полупрозрачный overlay, который занимает весь экран. Форма и overlay прокручиваются вместе со страницей",
      "max": 2
    },
    {
      "type": "subtask",
      "text": "форма открывается при клике по кнопке Buy Now в секции Tickets и закрывается кликом по иконке с крестиком в верхнем правом углу или кликом по overlay",
      "max": 2
    },
    {
      "type": "subtask",
      "text": "при вёрстке формы используются следующие элементы: form, input type=\"date\", input type=\"time\", input type=\"text\", input type=\"email\", input type=\"tel\", input type=\"number\", select",
      "max": 8
    },
    {
      "type": "subtask",
      "text": "вёрстка формы соответствует макету",
      "max": 10
    },
    {
      "type": "title",
      "title": "Требования к css + 18"
    },
    {
      "type": "subtask",
      "text": "добавлен favicon",
      "max": 2
    },
    {
      "type": "subtask",
      "text": "для построения сетки используются флексы или гриды",
      "max": 2
    },
    {
      "type": "subtask",
      "text": "при уменьшении масштаба страницы браузера вёрстка размещается по центру, а не сдвигается в сторону",
      "max": 2
    },
    {
      "type": "subtask",
      "text": "фоновый цвет каждого блока и секции тянется на всю ширину страницы",
      "max": 2
    },
    {
      "type": "subtask",
      "text": "иконки добавлены в формате .svg. SVG может быть добавлен любым способом. Обращаем внимание на формат, а не на способ добавления",
      "max": 2
    },
    {
      "type": "subtask",
      "text": "расстояние между буквами, там, где это требуется по макету, регулируется css-свойством letter-spacing",
      "max": 2
    },
    {
      "type": "subtask",
      "text": "переключаются радиокнопки в блоке Tickets, одновременно может быть выбрана только одна кнопка",
      "max": 2
    },
    {
      "type": "subtask",
      "text": "в блоке Contacts правильно указанны ссылки на почту mailto и на телефон tel",
      "max": 2
    },
    {
      "type": "subtask",
      "text": "в футере добавлены ссылки на соцсети. Круглая граница вокруг иконок соцсетей выполнена при помощи css",
      "max": 2
    },
    {
      "type": "title",
      "title": "Интерактивность, реализуемая через css +25"
    },
    {
      "type": "subtask",
      "text": "плавная прокрутка по якорям",
      "max": 5
    },
    {
      "type": "subtask",
      "text": "параллакс",
      "max": 5
    },
    {
      "type": "subtask",
      "text": "при кликам по кнопке Discover the Louvre и карточкам секции Visiting открываются полноэкранные панорамы Google Street View встроенные в страницы вашего сайта при помощи iframe",
      "max": 5
    },
    {
      "type": "subtask",
      "text": "изменение стиля интерактивных элементов при наведении и клике. Интерактивность включает в себя не только изменение внешнего вида курсора, например, при помощи свойства cursor: pointer, но и другие визуальные эффекты – изменение цвета фона или шрифта, появление подчёркивания и т.д. Если в макете указаны стили при наведении и клике, для элемента указываем эти стили, если в макете стили не указаны, реализуете их по своему усмотрению, руководствуясь общим стилем макета",
      "max": 4
    },
    {
      "type": "subtask",
      "text": "обязательное требование к интерактивности: плавное изменение внешнего вида элемента при наведении и клике не влияющее на соседние элементы",
      "max": 2
    },
    {
      "type": "subtask",
      "text": "интерактивность при наведении карточек в секции Visiting предусматривает плавное растягивание подчёркивания заголовка карточки на всю ширину карточки",
      "max": 2
    },
    {
      "type": "subtask",
      "text": "интерактивность при наведении иконок социальных сетей в футере предусматривает изменение цвета иконки и круглой границы вокруг иконки на золотистый",
      "max": 2
    },
    {
      "type": "title",
      "title": "Интерактивность, реализуемая через js +16"
    },
    {
      "type": "subtask",
      "text": "можно передвигать ползунки громкости и прогресс-бара видео, при этом цвет шкалы до и после ползунка отличается и соответствует макету",
      "max": 2
    },
    {
      "type": "subtask",
      "text": "кликами по кнопкам + и - в секции Tiskets можно менять количество билетов Basic и Senior от 0 до 20",
      "max": 2
    },
    {
      "type": "subtask",
      "text": "кнопке \"Book\" в форме покупки билетов добавлен ripple-эффект. Демо: https://50projects50days.com/projects/button-ripple-effect/",
      "max": 2
    },
    {
      "type": "subtask",
      "text": "при перезагрузке (обновлении) страницы картины в блоке Galery отображаются в рандомном порядке",
      "max": 10
    }
  ]
}
