{
    "taskName": "Nodejs_basic Task1 Caesar CLI",
    "github": "https://github.com/rolling-scopes-school/nodejs-course-template/blob/master/TASKS.md#task-1-caesar-cipher-cli-tool",
    "information": "",
    "criteria": [
      {
        "type": "title",
        "title": "Требования кросс-чека"
      },
      {
        "type": "subtask",
        "text": "В корне репозитория создана папка с произвольным названием (например caesar-cipher-cli, task1 и т.п.), в которой расположены файлы с кодом программы",
        "max": 10
      },
      {
        "type": "subtask",
        "text": "В README.md должно быть описано, как можно запустить программу из командной строки, описаны аргументы, которые можно передать приложению",
        "max": 10
      },
      {
        "type": "subtask",
        "text": "Если переданы все аргументы, приложение читает из файла и записывает в файл зашифрованный/расшифрованный текст, при этом предыдущие записи не удаляются",
        "max": 10
      },
      {
        "type": "subtask",
        "text": "Если не переданы обязательные аргументы, приложение передает соответствующее сообщение в process.stderr и прoцесс завершается с кодом, отличным от 0",
        "max": 10
      },
      {
        "type": "subtask",
        "text": "Если переданы аргументы с путями к файлам, но файлы отсутствуют (или к ним невозможен доступ), приложение передает соответствующее сообщение в process.stderr и прoцесс завершается с кодом, отличным от 0",
        "max": 10
      },
      {
        "type": "subtask",
        "text": "Если не передан аргумент с путем до файла на чтение, то чтение осуществляется из process.stdin",
        "max": 10
      },
      {
        "type": "subtask",
        "text": "Если не передан аргумент с путем до файла на запись, то вывод осуществляется в process.stdout",
        "max": 10
      },
      {
        "type": "subtask",
        "text": "Шифруются/дешифруются только латинские буквы, регистр сохраняется, остальные символы не изменяются",
        "max": 10
      },
      {
        "type": "subtask",
        "text": "Если текст вводится из консоли, то программа не должна завершаться после выполнения шифровки/дешифровки введенного текста, т.е. должна быть возможность ввести еще текст",
        "max": 10
      },
      {
        "type": "subtask",
        "text": "Кодовая база не находится в одном файле, а разделена на файлы в соответствии с выполняемыми задачами (например - функция, преобразующая строку, в отдельном файле, код, создающий transform стрим, в отдельном файле, функция для парсинга и валидации аргументов в отдельном файле и т.п.)",
        "max": 10
      },
      {
        "type": "title",
        "title": "Штрафы"
      },
      {
        "type": "penalty",
        "text": "Каждый коммит после дедлайна (не считая коммитов в README.md) -10 баллов. Подсчитать штраф нужно вручную, здесь выберите только, были такие коммиты или нет",
        "max": 0
      }
    ]
  }
  