{
  "taskName": "Plants#3",
  "github": "https://github.com/rolling-scopes-school/tasks/blob/master/tasks/plants/plants-part3.md",
  "criteria": [
    {
      "type": "title",
      "title": "Уважаемые проверяющие.\nПроверяются только требования, указанные в критериях.\nЕсли какой-то момент в критериях не описан, его не проверяем и не оцениваем."
    },
    {
      "type": "title",
      "title": "Работа приложения проверяется на компьютере в браузере Google Chrome последней версии\nВсе сомнения трактуются на пользу студента\nЕсли сомневаетесь снимать баллы или нет, не снимайте"
    },
    {
      "type": "title",
      "title": "При нажатии на кнопки:Gargens,Lawn,Planting происходит смена фокуса на услугах в разделе service +50"
    },
    {
      "type": "subtask",
      "text": "При выборе одной услуги (нажатии одной кнопки), остальные карточки услуг принимают эффект blur, выбранная услуга остается неизменной",
      "max": 20
    },
    {
      "type": "subtask",
      "text": "Пользователь может нажать одновременно две кнопки услуги, тогда эта кнопка тоже принимает стиль активной и карточки с именем услуги выходят из эффекта blur. При этом пользователь не может нажать одновременно все три кнопки услуг",
      "max": 20
    },
    {
      "type": "subtask",
      "text": "Анимации плавного перемещения кнопок в активное состояние и карточек услуг в эффект blur",
      "max": 10
    },
    {
      "type": "title",
      "title": "Accordion в секции prices реализация 3-х выпадающих списков об услугах и ценах + 50"
    },
    {
      "type": "subtask",
      "text": "При нажатии на dropdown кнопку появляется описание тарифов цен в соответствии с макетом. Внутри реализована кнопка order, которая ведет на секцию contacts, при нажатии на нее Accordion все еще остается открытым",
      "max": 25
    },
    {
      "type": "subtask",
      "text": "Пользователь может самостоятельно закрыть содержимое нажав на кнопку dropup, но не может одновременно открыть все тарифы услуг, при открытии нового тарифа предыдущее автоматически закрывается",
      "max": 25
    },
    {
      "type": "title",
      "title": "В разделе contacts реализован select с выбором городов +25"
    },
    {
      "type": "subtask",
      "text": "В зависимости от выбора пользователя появляется блок с адресом и телефоном офиса в определенном городе",
      "max": 15
    },
    {
      "type": "subtask",
      "text": "При нажатии на кнопку Call us реализован вызов по номеру, который соответствует выбранному городу",
      "max": 10
    }
  ]
}
