{
  "taskName": "Portfolio",
  "criteria": [
    {
      "type": "title",
      "title": "Basic scope +30"
    },
    {
      "type": "subtask",
      "text": "портфолио содержит информацию о разработчике, список контактов для связи, ссылки на работы, выполненные за период обучения в RS School, их скриншоты, краткое описание. Для каждой работы указан список использованных технологий",
      "max": 10
    },
    {
      "type": "subtask",
      "text": "используется анимация текста, кнопок, иконок, анимация при прокрутке, анимированный прелоадер, анимация переходов по ссылкам и т.д - все перечисленные, или только некоторые из них. Применяемые анимации должны быть плавными, по возможности нелинейными, привлекательными и не ухудшающими восприятие информации",
      "max": 20
    },
    {
      "type": "title",
      "title": "Advanced scope +50"
    },
    {
      "type": "subtask",
      "text": "работы можно отфильтровать по используемым технологиям, фильтрация происходит с визуальными эффектами",
      "max": 10
    },
    {
      "type": "subtask",
      "text": "есть возможность перехода по ссылке на страницу с работами,использующими определенную технологию",
      "max": 10
    },
    {
      "type": "subtask",
      "text": "есть возможность переключения языка страницы (минимум две языковые версии, одна из которых на английском языке)",
      "max": 10
    },
    {
      "type": "subtask",
      "text": "используются современные, сложные, интересные элементы оформления сайта, например, параллакс, фоновое видео, эффектная типографика в стиле readymag и т.д (некоторые примеры таких элементов приведены в материалах к заданию)",
      "max": 20
    },
    {
      "type": "title",
      "title": "Hacker scope +20"
    },
    {
      "type": "subtask",
      "text": "используются js-библиотеки для создания сложного интересного, привлекающего внимание оформления приложения - 10 баллов за каждую, но суммарно не более 20 баллов (примеры библиотек приведены в материалах к заданию, список использованных библиотек на период проверки отобразите в консоли)",
      "max": 20
    },
    {
      "type": "title",
      "title": "Bonus"
    },
    {
      "type": "subtask",
      "text": "дополнительные баллы за высокое качество приложения, если выполнены не все требования Advanced scope и Hacker scope, но в целом портфолио получилось исключительно хорошим и заслуживает максимального балла",
      "max": 20
    }
  ]
}
