{
  "taskName": "js30#3.3-random-game",
  "github": "https://github.com/rolling-scopes-school/tasks/blob/master/tasks/js30%23/js30-9.md",
  "criteria": [
    {
      "type": "title",
      "title": "Уважаемые проверяющие.\nПроверяются только требования, указанные в критериях.\nЕсли какой-то момент в критериях не описан, его не проверяем и не оцениваем."
    },
    {
      "type": "title",
      "title": "Работа приложения проверяется на компьютере в браузере Google Chrome последней версии\nВсе сомнения трактуются в пользу студента\nЕсли сомневаетесь снимать баллы или нет, не снимайте"
    },
    {
      "type": "title",
      "title": "Вёрстка +10"
    },
    {
      "type": "subtask",
      "text": "реализован интерфейс игры",
      "max": 5
    },
    {
      "type": "subtask",
      "text": "в футере приложения есть ссылка на гитхаб автора приложения, год создания приложения, логотип курса со ссылкой на курс",
      "max": 5
    },
    {
      "type": "subtask",
      "text": "Логика игры. Ходы, перемещения фигур, другие действия игрока подчиняются определённым свойственным игре правилам",
      "max": 10
    },
    {
      "type": "subtask",
      "text": "Реализовано завершение игры при достижении игровой цели",
      "max": 10
    },
    {
      "type": "subtask",
      "text": "По окончанию игры выводится её результат, например, количество ходов, время игры, набранные баллы, выигрыш или поражение и т.д",
      "max": 10
    },
    {
      "type": "subtask",
      "text": "Результаты последних 10 игр сохраняются в local storage. Есть таблица рекордов, в которой сохраняются результаты предыдущих 10 игр",
      "max": 10
    },
    {
      "type": "subtask",
      "text": "Анимации или звуки, или настройки игры. Баллы начисляются за любой из перечисленных пунктов",
      "max": 10
    },
    {
      "type": "subtask",
      "text": "Очень высокое качество оформления приложения и/или дополнительный не предусмотренный в задании функционал, улучшающий качество приложения",
      "max": 10
    },
    {
      "type": "title",
      "title": "ссылки на самые лучшие работы с интересным дополнительным функционалом добавьте, пожалуйста, в эту форму https://forms.gle/retrgFivX1ybcVbp9"
    }
  ]
}
