{
  "taskName": "js30#2.1-random-jokes",
  "github": "https://github.com/rolling-scopes-school/tasks/blob/master/tasks/js30%23/js30-4.md",
  "criteria": [
    {
      "type": "title",
      "title": "Уважаемые проверяющие.\nПроверяются только требования, указанные в критериях.\nЕсли какой-то момент в критериях не описан, его не проверяем и не оцениваем."
    },
    {
      "type": "title",
      "title": "Работа приложения проверяется на компьютере в браузере Google Chrome последней версии\nВсе сомнения трактуются в пользу студента\nЕсли сомневаетесь снимать баллы или нет, не снимайте"
    },
    {
      "type": "title",
      "title": "Вёрстка +10"
    },
    {
      "type": "subtask",
      "text": "на странице есть цитата и кнопка для смены цитаты",
      "max": 5
    },
    {
      "type": "subtask",
      "text": "в футере приложения есть ссылка на гитхаб автора приложения, год создания приложения, логотип курса со ссылкой на курс",
      "max": 5
    },
    {
      "type": "subtask",
      "text": "При загрузке страницы приложения отображается рандомная цитата",
      "max": 10
    },
    {
      "type": "subtask",
      "text": "При перезагрузке страницы цитата обновляется (заменяется на другую)",
      "max": 10
    },
    {
      "type": "subtask",
      "text": "Есть кнопка, при клике по которой цитата обновляется (заменяется на другую)",
      "max": 10
    },
    {
      "type": "subtask",
      "text": "Смена цитаты сопровождается любым другим эффектом, например, изменяется изображение или меняется фоновый цвет страницы, или проигрывается звук и т.д",
      "max": 10
    },
    {
      "type": "subtask",
      "text": "Можно выбрать один из двух языков отображения цитат: en/ru или en/be",
      "max": 10
    },
    {
      "type": "subtask",
      "text": "Очень высокое качество оформления приложения и/или дополнительный не предусмотренный в задании функционал, улучшающий качество приложения",
      "max": 10
    },
    {
      "type": "title",
      "title": "ссылки на самые лучшие работы с интересным дополнительным функционалом добавьте, пожалуйста, в эту форму https://forms.gle/retrgFivX1ybcVbp9"
    }
  ]
}
