{
    "taskName": "React 2023-01",
    "github": "https://github.com/rolling-scopes-school/tasks/tree/master/react/modules/module01",
    "information": "The maximum number of points is 15. Those are the cross-code-review and cross-check criterias:",
    "criteria": [
      {
        "type": "title",
        "title": "Cross code review"
      },
      {
        "type": "subtask",
        "text": "Linting can be run and doesn't produce any errors or warnings",
        "max": 3
      },
      {
        "type": "subtask",
        "text": "Tests can be run and the test coverage is equal or higher than 40%",
        "max": 3
      },
      {
        "type": "title",
        "title": "Cross check"
      },
      {
        "type": "subtask",
        "text": "Routing is enabled, header shows current route. There are 404 and 'About us' routes",
        "max": 4
      },
      {
        "type": "subtask",
        "text": "Search bar is on the main page, value from the search is saved in LocalStorage on component unmount",
        "max": 4
      },
      {
        "type": "subtask",
        "text": "Cards are present on the main page",
        "max": 1
      },
      {
        "type": "penalty",
        "text": "Direct DOM manipulations",
        "max": -15
      },
      {
        "type": "penalty",
        "text": "TypeScript isn't used",
        "max": -15
      },
      {
        "type": "penalty",
        "text": "Snapshot testing",
        "max": -10
      },
      {
        "type": "penalty",
        "text": "Usage of any",
        "max": -10
      },
      {
        "type": "penalty",
        "text": "A lot of ts-ignore",
        "max": -10
      },
      {
        "type": "penalty",
        "text": "Code smells (god component, a lot of duplication)",
        "max": -5
      },
      {
        "type": "penalty",
        "text": "A lot of comments (commented code blocks, redundant comments, etc)",
        "max": -5
      }
    ]
  }