{
  "taskName": "Schedule",
  "github": "https://github.com/rolling-scopes-school/tasks/blob/master/tasks/schedule.md",
  "information": "",
  "criteria": [
    {
      "type": "title",
      "title": "Создание концепта приложения +30"
    },
    {
      "type": "subtask",
      "text": "выполнены и оформлены в виде markdown файла или документа Google Docs требования пункта \"Определение потребностей пользователей\"",
      "max": 10
    },
    {
      "type": "subtask",
      "text": "идеи по улучшению расписания представлены в виде списка конкретных изменений и усовершенствований, которые необходимо внести в приложение",
      "max": 10
    },
    {
      "type": "subtask",
      "text": "создан макет приложения в figma либо другом редакторе (нарисованные от руки и отсканированные наброски и схемы тоже подойдут)",
      "max": 10
    },
    {
      "type": "title",
      "title": "Оформление приложения +30"
    },
    {
      "type": "subtask",
      "text": "приложение корректно отображается как на компьютере, так и на мобильных устройствах, оптимально занимает площадь страницы. Минимальная ширина страницы, при которой приложение отображается корректно, 320рх. Наличие в таблице полосы прокрутки не является ошибкой",
      "max": 10
    },
    {
      "type": "subtask",
      "text": "дизайн приложения должен гармонично сочетаться с оформлением rs app. Допускаются небольшие отличия, улучшающие визуальное восприятие созданного вами приложения либо упрощающие работу с ним. Единое стилевое оформление всех страниц приложения",
      "max": 10
    },
    {
      "type": "subtask",
      "text": "у приложения есть версия для слабовидящих - больший размер шрифта, доступные элементы пользовательского интерфейса, высокая контрастность и т.д.",
      "max": 10
    },
    {
      "type": "title",
      "title": "Просмотр расписания (пользователь - студент) +180"
    },
    {
      "type": "subtask",
      "text": "возможность просмотра расписания в виде календаря",
      "max": 10
    },
    {
      "type": "subtask",
      "text": "возможность просмотра расписания в виде списка",
      "max": 10
    },
    {
      "type": "subtask",
      "text": "значения в ячейках таблицы с расписанием отображаются и форматируются согласно типу находящихся в них данных",
      "max": 10
    },
    {
      "type": "subtask",
      "text": "при просмотре расписания есть возможность выбора часового пояса",
      "max": 10
    },
    {
      "type": "subtask",
      "text": "строки таблицы, строки списка, даты календаря, которым соответствуют разные типы заданий (лекция, тест, выдача таска, дедлайн таска и т.д.) выделены разным фоновым цветом",
      "max": 10
    },
    {
      "type": "subtask",
      "text": "при просмотре расписания есть возможность указать пользовательские настройки цвета фона и цвета шрифта для выделения заданий разных типов)",
      "max": 10
    },
    {
      "type": "subtask",
      "text": "можно настраивать видимость колонок расписания демо",
      "max": 10
    },
    {
      "type": "subtask",
      "text": "возможность фильтрации расписания по типам заданий",
      "max": 10
    },
    {
      "type": "subtask",
      "text": "ряд таблицы или списка можно выделить кликом. Выделенный ряд должен отличаться визуально",
      "max": 10
    },
    {
      "type": "subtask",
      "text": "выделенный ряд можно скрыть. Скрытый ряд можно отобразить",
      "max": 10
    },
    {
      "type": "subtask",
      "text": "с зажатым shift можно выделить несколько рядов таблицы. Выделенные ряды можно скрыть. Скрытые ряды можно отобразить",
      "max": 10
    },
    {
      "type": "subtask",
      "text": "возможность сохранения расписания в виде таблицы, в виде списка и в виде календаря в одном или нескольких форматах файлов. При сохранении расписания пользовательские настройки расписания (цветовая схема, скрытые ряды и колонки, применённые фильтры и т.д.) сохраняются +10 баллов за каждый формат файлов, но не более 20 баллов)",
      "max": 20
    },
    {
      "type": "subtask",
      "text": "по клику по пункту расписания открывается страница задания с подробной информацией о нём",
      "max": 10
    },
    {
      "type": "subtask",
      "text": "продуманная структура и внешний вид страницы задания - разная структура страницы задания для разных типов заданий, содержится вся необходимая информация о задании, наиболее важная информация выделена и т.д.",
      "max": 10
    },
    {
      "type": "subtask",
      "text": "страница задания может содержать текст, ссылки, фото и видео",
      "max": 10
    },
    {
      "type": "subtask",
      "text": "для событий, которые проходят офлайн, на странице задания отображается карта с местом их проведения",
      "max": 10
    },
    {
      "type": "subtask",
      "text": "на странице задания можно оставить feedback о задании",
      "max": 10
    },
    {
      "type": "title",
      "title": "Редактирование расписания (пользователь - ментор) +180"
    },
    {
      "type": "subtask",
      "text": "у ментора есть возможность редактирования расписания Редактируется только основная форма расписания - таблица. Расписание в виде календаря или списка автоматически генерируются на основе введённых в таблицу данных",
      "max": 20
    },
    {
      "type": "subtask",
      "text": "редактирование расписания организовано понятно и удобно - интуитивно понятный интерфейс, наличие необходимых подсказок, доступные элементы управления",
      "max": 10
    },
    {
      "type": "subtask",
      "text": "в процессе редактирования ментор сразу видит, как будет выглядеть таблица с расписанием",
      "max": 10
    },
    {
      "type": "subtask",
      "text": "в процессе редактирования есть возможность предпросмотра расписания в виде календар",
      "max": 10
    },
    {
      "type": "subtask",
      "text": "в процессе редактирования есть возможность предпросмотра расписания в виде списк",
      "max": 10
    },
    {
      "type": "subtask",
      "text": "при редактировании расписания дату можно выбрать на календаре",
      "max": 10
    },
    {
      "type": "subtask",
      "text": "при редактировании расписания есть возможность выбора часового пояса",
      "max": 10
    },
    {
      "type": "subtask",
      "text": "при редактировании расписания есть возможность изменять цвет фона и цвет шрифта для выделения заданий разных типов",
      "max": 10
    },
    {
      "type": "subtask",
      "text": "в ходе редактирования расписания есть возможность добавлять новые типы заданий и выбирать для них цвет фона и цвет шрифта",
      "max": 20
    },
    {
      "type": "subtask",
      "text": "у ментора есть возможность редактирования страницы задания",
      "max": 10
    },
    {
      "type": "subtask",
      "text": "редактирование страницы задания организовано понятно и удобно - интуитивно понятный интерфейс, наличие необходимых подсказок, доступные элементы управления",
      "max": 10
    },
    {
      "type": "subtask",
      "text": "в процессе редактирования на страницу задания можно добавлять текст, ссылки, фото и видео",
      "max": 20
    },
    {
      "type": "subtask",
      "text": "для событий, которые проходят офлайн, есть возможность указать на карте место их проведения",
      "max": 10
    },
    {
      "type": "subtask",
      "text": "в процессе редактирования ментор сразу видит, как будет выглядеть страница с заданием",
      "max": 10
    },
    {
      "type": "subtask",
      "text": "в процессе редактирования страницы с заданием есть возможность разрешить или запретить оставлять feedback о задании",
      "max": 10
    },
    {
      "type": "title",
      "title": "Оптимизация расписания +80"
    },
    {
      "type": "subtask",
      "text": "выбранные пользователем способ отображения расписания, часовой пояс, видимость колонок, применённые фильтры, выбранный цвет фона и цвет шрифта, скрытые ряды, другие применённые настройки, если они есть, сохраняются в localStorage так, что при обновлении страницы состояние расписания сохраняется",
      "max": 10
    },
    {
      "type": "subtask",
      "text": "определите эффективность использования виртуализации рядов, других способы оптимизации производительности приложения. Примените наиболее эффективные способы для оптимизации производительности приложения",
      "max": 20
    },
    {
      "type": "subtask",
      "text": "в расписание внесены дополнительные не указанные в задании полезные усовершенствования, которые облегчают работу с ним, делают его более удобным и функциональным, улучшают внешний вид и т.д. +10 баллов за каждое полезное качественно выполненное усовершенствование*, но не более 50 баллов",
      "max": 50
    },
    {
      "type": "title",
      "title": "Использованные технологии +40"
    },
    {
      "type": "subtask",
      "text": "TypeScript",
      "max": 30
    },
    {
      "type": "subtask",
      "text": "Ant Design of React",
      "max": 10
    },
    {
      "type": "title",
      "title": "Документирование кода +20"
    },
    {
      "type": "subtask",
      "text": "создана и оформлена документация, позволяющая другим разработчикам понять особенности работы приложения + 20",
      "max": 20
    },
    {
      "type": "title",
      "title": "Целесообразность интеграции в rs app +40"
    },

    {
      "type": "subtask",
      "text": "созданное приложение целесообразно интегрировать в rs app",
      "max": 40
    }
  ]
}
