{
  "taskName": "RS-clone",
  "github": "https://github.com/rolling-scopes-school/tasks/blob/master/tasks/rsclone",
  "information": "Максимальный балл за приложение 320, за статью 160",
  "criteria": [
    {
      "type": "title",
      "title": "UI"
    },
    {
      "type": "subtask",
      "text": "Есть возможность управление приложением/игрой с клавиатуры или наличие более пяти hot keys",
      "max": 20
    },
    {
      "type": "subtask",
      "text": "Есть возможность переключения 2 и более языков (10 баллов за каждый дополнительный язык, но не более 20 баллов)",
      "max": 20
    },
    {
      "type": "subtask",
      "text": "Есть хотя бы один модальный диалог",
      "max": 10
    },
    {
      "type": "subtask",
      "text": "Реализован routing (без перезагрузки страницы приложения)",
      "max": 20
    },
    {
      "type": "subtask",
      "text": "Возможность кастомизации приложения, настроек пользователя",
      "max": 20
    },
    {
      "type": "subtask",
      "text": "Реализовано 3+ анимации, для создания которых используются ключевые кадры или svg-анимация",
      "max": 20
    },
    {
      "type": "subtask",
      "text": "Приложение выполнено в едином стиле, для стилизации используется Bootstrap/Material UI/Ant design/etc",
      "max": 20
    },
    {
      "type": "subtask",
      "text": "Приложение работает на телефоне/планшете/PC",
      "max": 30
    },
    {
      "type": "title",
      "title": "Game dev"
    },
    {
      "type": "subtask",
      "text": "Действие игры происходит на разных уровнях, картах, локациях, используются анимированные переходы между уровнями, анимации победы, поражения",
      "max": 30
    },
    {
      "type": "subtask",
      "text": "Расширенные настройки звука/видео/графики. Уровни громкости, язык озвучивания, вкл/выкл отображение теней, частиц",
      "max": 20
    },
    {
      "type": "subtask",
      "text": "Есть статистика, которая отображает прогресс игры, нанесенный урон, потраченное на игру время, процент выполнения задания или уровня etc",
      "max": 20
    },
    {
      "type": "subtask",
      "text": "Действие игры происходит на разных уровнях, картах, локациях, используются анимированные переходы между уровнями, анимации победы, поражения",
      "max": 40
    },
    {
      "type": "title",
      "title": "Application"
    },
    {
      "type": "subtask",
      "text": "Возможность работать на нескольких вкладках приложения, например как разные рабочие листы в exсel, макеты в фигме",
      "max": 30
    },
    {
      "type": "subtask",
      "text": "Возможность добавлять либо настраивать дополнительные окна: палитру цветов, слоев для графических редакторов",
      "max": 20
    },
    {
      "type": "subtask",
      "text": "Есть статистика, которая отображает прогресс работы приложения, процент выполнения задания etc",
      "max": 20
    },
    {
      "type": "subtask",
      "text": "Выделение текста, фигур, изображений, либо правый клик по ним вызывает всплывающее меню с доступными опциями, такими как копировать, вставить, вырезать, сгруппировать, повернуть, отразить, изменить шрифт",
      "max": 40
    },
    {
      "type": "title",
      "title": "Технический стек"
    },
    {
      "type": "subtask",
      "text": "Использован Canvas/WebGL/etc",
      "max": 20
    },
    {
      "type": "subtask",
      "text": "Работа с Audio API",
      "max": 10
    },
    {
      "type": "subtask",
      "text": "Есть не меньше двадцати Unit test",
      "max": 20
    },
    {
      "type": "subtask",
      "text": "Использован webpack",
      "max": 10
    },
    {
      "type": "subtask",
      "text": "Сохранение и загрузка чего-либо с использованием Local storage",
      "max": 10
    },
    {
      "type": "subtask",
      "text": "Приложение/игра написанны на TypeScript",
      "max": 40
    },
    {
      "type": "title",
      "title": "Работа с кодом"
    },
    {
      "type": "subtask",
      "text": "Использован какой-либо data flow паттерн MVC/MVVM/Redux/etc",
      "max": 20
    },
    {
      "type": "subtask",
      "text": "Использован eslint, eslint-config-airbnb-base, eslint, eslint config airbnb-typescript/base",
      "max": 10
    },
    {
      "type": "subtask",
      "text": "Понятный, читаемый код. Имена переменных и функций отражают то что в них содержится/то что они делают. Функция выполняет одно действие. Повторение логики сведено к минимуму",
      "max": 20
    },
    {
      "type": "title",
      "title": "Back-end"
    },
    {
      "type": "subtask",
      "text": "Использован RESTful API",
      "max": 30
    },
    {
      "type": "subtask",
      "text": "Подключение и работа с БД",
      "max": 30
    },
    {
      "type": "subtask",
      "text": "Аутентификация",
      "max": 20
    },
    {
      "type": "subtask",
      "text": "Приложение отображает какую-либо статистику/графики/таблицы, данные для которых получает от бекенда",
      "max": 20
    },
    {
      "type": "subtask",
      "text": "Реализован nodejs и express, отдаёт корректные ответы, отдаёт HTTP ошибки с нормальными body, по которым можно понять, что произошло, пишет читаемые логи",
      "max": 40
    },
    {
      "type": "title",
      "title": "Дополнительная функциональность"
    },
    {
      "type": "subtask",
      "text": "Максимальный балл за этот пункт 160, убедительная просьба расписать какие фичи были реализованы в приложении",
      "max": 160
    },
    {
      "type": "title",
      "title": "Статья"
    },
    {
      "type": "subtask",
      "text": "Максимальный балл за этот пункт 160",
      "max": 160
    }
  ]
}
