{
  "taskName": "RS-clone-presentation",
  "github": "https://github.com/rolling-scopes-school/tasks/blob/master/tasks/rsclone",
  "information": "Максимальный балл за презентацию 160",
  "criteria": [
    {
      "type": "title",
      "title": "Результат командной работы"
    },
    {
      "type": "subtask",
      "text": "оформление и функционал приложения, его особенности и возможности",
      "max": 40
    },
        {
      "type": "title",
      "title": "Организацию командной работы"
    },
    {
      "type": "subtask",
      "text": "RACI матрицу содержащую список всех основных фич и процессов, роль участников команды в них. Рассказывает о вкладе каждого участника команды.",
      "max": 20
    },
    {
      "type": "subtask",
      "text": "Kanban board. Рассказывает: как координировали деятельность команды || какие инструментами для организации совместной работы использовались || какие были сложности и как они были решены",
      "max": 20
    },
    {
      "type": "title",
      "title": "Особенности технической реализации проекта и его репозиторий"
    },
    {
      "type": "subtask",
      "text": "readme.md содержащий описание библиотек, фреймворков, технологий, которые были задействованы в процессе разработки приложения, их преимущества и недостатки || историю коммитов || примеры PR. Рассказать как проходили кодревью, как обеспечивалось качество кода || технические сложности и проблемы с которым столкнулись в процессе создания приложения, как их решали || (по желанию) любые схемы, графики, диаграммы относящиеся к процессу разработки",
      "max": 40
    },
    {
      "type": "title",
      "title": "Общее впечатление от презентации"
    },
    {
      "type": "subtask",
      "text": "эмоциональность, уверенность, убедительность, интересность, хороший темп подачи материала || развернутые ответы на вопросы жюри",
      "max": 40
    }
  ]
}
