{
  "taskName": "7. Clustering and Dimensionality Reduction",
  "github": "https://github.com/rolling-scopes-school/ml-intro/tree/2021/7_clustering",
  "information": "Final score will divide by 10 automatically after submitting the results to the platform",
  "criteria": [
    {
      "type": "title",
      "title": "Получение данных"
    },
    {
      "type": "subtask",
      "text": "В переменной X содержится массив наблюдений, а в переменной y – массив истинных меток классов",
      "max": 5
    },
    {
      "type": "subtask",
      "text": "Визуализированы первые десять картинок из X",
      "max": 10
    },
    {
      "type": "title",
      "title": "Кластеризация и оценка качества"
    },
    {
      "type": "subtask",
      "text": "Получено разбиение X на 10 кластеров каждым из двух методов: иерархической кластеризацией и K средних",
      "max": 5
    },
    {
      "type": "subtask",
      "text": "Визуализированы центры кластеров, прокомментировано, какой из двух алгоритмов даёт центры кластеров, больше похожие на типичные начертания цифр",
      "max": 10
    },
    {
      "type": "subtask",
      "text": "Посчитан и визуализирован силуэт, прокомментировано, при каком количестве кластеров каждый из двух алгоритмов даёт наилучшее значение силуэта",
      "max": 15
    },
    {
      "type": "subtask",
      "text": "То же самое для V-меры",
      "max": 10
    },
    {
      "type": "title",
      "title": "Снижение размерности признакового пространства"
    },
    {
      "type": "subtask",
      "text": "Выполнено сингулярное разложение X, проверено, удаётся ли получить качество кластеризации лучше, чем на исходных данных",
      "max": 15
    },
    {
      "type": "subtask",
      "text": "Выполнено tSNE-преобразование X, результат визуализирован точечной диаграммой",
      "max": 5
    },
    {
      "type": "subtask",
      "text": "Проверено, удаётся ли после tSNE-преобразования получить качество кластеризации лучше, чем на исходных данных",
      "max": 10
    },
    {
      "type": "subtask",
      "text": "Визуализированы центры кластеров из наилучшего разбиения",
      "max": 5
    },
    {
      "type": "title",
      "title": "Итоги, бонус"
    },
    {
      "type": "subtask",
      "text": "Даны ответы на два итоговых вопроса",
      "max": 10
    },
    {
      "type": "subtask",
      "text": "Выполнено бонусное задание на кластеризацию MNIST Handwritten Digits",
      "max": 20
    }
  ]
}
