{
  "taskName": "RS Lang",
  "github": "",
  "criteria": [
    {
      "type": "title",
      "title": "Вёрстка, дизайн, UI +40"
    },
    {
      "type": "subtask",
      "text": "вёрстка, дизайн, UI главной страницы приложения",
      "max": 10
    },
    {
      "type": "subtask",
      "text": "вёрстка, дизайн, UI электронного учебника",
      "max": 10
    },
    {
      "type": "subtask",
      "text": "вёрстка, дизайн, UI страницы статистики",
      "max": 10
    },
    {
      "type": "subtask",
      "text": "оригинальный интересный качественный дизайн приложения",
      "max": 10
    },
    {
      "type": "title",
      "title": "Главная страница приложения +40"
    },
    {
      "type": "subtask",
      "text": "меню",
      "max": 10
    },
    {
      "type": "subtask",
      "text": "описание возможностей и преимуществ приложения",
      "max": 10
    },
    {
      "type": "subtask",
      "text": "видео с демонстрацией работы приложения",
      "max": 10
    },
    {
      "type": "subtask",
      "text": "раздел \"О команде\"",
      "max": 10
    },
    {
      "type": "title",
      "title": "Электронный учебник +50"
    },
    {
      "type": "subtask",
      "text": "страницы и разделы учебника",
      "max": 10
    },
    {
      "type": "subtask",
      "text": "настройки",
      "max": 10
    },
    {
      "type": "subtask",
      "text": "список слов",
      "max": 20
    },
    {
      "type": "subtask",
      "text": "список слов",
      "max": 10
    },
    {
      "type": "title",
      "title": "Словарь +40"
    },
    {
      "type": "subtask",
      "text": "раздел \"Изучаемые слова\"",
      "max": 20
    },
    {
      "type": "subtask",
      "text": "раздел \"Сложные слова\"",
      "max": 10
    },
    {
      "type": "subtask",
      "text": "раздел \"Удалённые слова\"",
      "max": 10
    },
    {
      "type": "title",
      "title": "Мини-игры +200"
    },
    {
      "type": "title",
      "title": "Мини-игра может оцениваться в 30, 40 или 50 баллов\n- Игра в основном соответствует прототипу, является его упрощённой версией +30\n- Игра полностью повторяет прототип и детали его работы. Выполняются все перечисленные в задании требования к мини-играм +40\n- Игра является улучшенной версией прототипа как с точки зрения внешнего вида и оформления, так и удобства работы. Присутствует дополнительный функционал, улучшающий качество приложения +50\nБаллы за мини-игры подсчитываются вручную"
    },
    {
      "type": "subtask",
      "text": "\"Саванна\"",
      "max": 50
    },
    {
      "type": "subtask",
      "text": "\"Аудиовызов\"",
      "max": 50
    },
    {
      "type": "subtask",
      "text": "\"Спринт\"",
      "max": 50
    },
    {
      "type": "subtask",
      "text": "\"Своя игра\"",
      "max": 50
    },
    {
      "type": "title",
      "title": "Страница статистики +40"
    },
    {
      "type": "subtask",
      "text": "краткосрочная статистика",
      "max": 20
    },
    {
      "type": "subtask",
      "text": "долгосрочная статистика",
      "max": 20
    },
    {
      "type": "title",
      "title": "Бекенд +60"
    },
    {
      "type": "subtask",
      "text": "собственная копия бекенда размещена на heroku или другом бесплатном хостинге",
      "max": 20
    },
    {
      "type": "subtask",
      "text": "приложение использует данные из собственного API",
      "max": 10
    },
    {
      "type": "subtask",
      "text": "при регистрации нового пользователя можно указать его имя. При перезагрузке клиента данные о пользователе сохраняются",
      "max": 10
    },
    {
      "type": "subtask",
      "text": "при регистрации нового пользователя можно загрузить фото",
      "max": 10
    },
    {
      "type": "subtask",
      "text": "реализована авторизация и разавторизация пользователя. Основная часть приложения доступна без авторизации. Авторизация необходима только для хранения долгосрочной статистики и формирования словаря",
      "max": 10
    },
    {
      "type": "title",
      "title": "Дополнительный функционал +30"
    },
    {
      "type": "subtask",
      "text": "реализован не указанный в задании дополнительный функционал. Оценивается оригинальная идея, вклад в улучшение качества приложения, полезность, сложность и качество выполнения",
      "max": 20
    },
    {
      "type": "subtask",
      "text": "написано не меньше 10 юнит-тестов, использующих различные методы jest",
      "max": 10
    },
    {
      "type": "title",
      "title": "ссылки на лучшие работы с качественным оригинальным оформлением или реализованным дополнительным функционалом, добавьте, пожалуйста, в эту форму https://forms.gle/pEZshjLxzHU1K6tT6"
    }
  ]
}
