{
  "taskName": "RSS Виртуальная клавиатура",
  "github": "https://github.com/rolling-scopes-school/tasks/blob/master/tasks/virtual-keyboard/virtual-keyboard-ru.md",
  "information": "",
  "criteria": [
    {
      "type": "title",
      "title": "Минимальный набор"
    },
    {
      "type": "subtask",
      "text": "Реализована генерация DOM-элементов и body в index.html пустой изначально (может находится только тег script)",
      "max": 20
    },
    {
      "type": "subtask",
      "text": "Нажатие на кнопку на физической клавиатуре подсвечивает кнопку на виртуальной (проверять следуюет нажатие цифр, букв, знаков припинания, backspace, del(если она присутствует), enter, shift, alt, ctrl, tab, caps lock, space, стрелки вниз-вверх-влево-вправо)",
      "max": 10
    },
    {
      "type": "title",
      "title": "Стандартный набор"
    },
    {
      "type": "subtask",
      "text": "Есть переключение между русским и английским языком (сочетание клавиш для переключения языка должно быть указано на странице с клавиатурой), а так же сохранение выбранного языка",
      "max": 15
    },
    {
      "type": "subtask",
      "text": "Клики мышкой по кнопкам на виртуальной клавиатуре или нажатие на кнопки физической клавиатуры, выводят символы в инпут (textarea)",
      "max": 15
    },
    {
      "type": "title",
      "title": "Дополнительный набор"
    },
    {
      "type": "subtask",
      "text": "Реализована анимация нажатия на кнопку",
      "max": 15
    },
    {
      "type": "title",
      "title": "Штрафы"
    },
    {
      "type": "penalty",
      "text": "Ошибки в консоли, связанные с исполняемым кодом(ошибки типа favicon.ico: Failed to load resource: the server responded with a status of 404 не учитываются)",
      "max": -15
    }
  ]
}
