{
  "taskName": "RSS Fancy Weather",
  "github": "https://github.com/rolling-scopes-school/tasks/blob/master/tasks/fancy-weather.md",
  "information": "",
  "criteria": [
    {
      "type": "title",
      "title": "Basic scope +80"
    },
    {
      "type": "subtask",
      "text": "Минимальная ширина страницы, при которой она отображается корректно – 320 рх. Все указанные в задании элементы присутствуют как на десктопной, так и на мобильной версии",
      "max": 10
    },
    {
      "type": "subtask",
      "text": "Приложение корректно отображается для любого выбранного языка, единиц измерения температуры, указанного в поиске населённого пункта",
      "max": 10
    },
    {
      "type": "subtask",
      "text": "Внешний вид приложения внешне соответствует макету или является его улучшенной версией",
      "max": 10
    },
    {
      "type": "subtask",
      "text": "В блоке \"Погода за сегодня\" корректно отображаются данные о погоде и местоположении пользователя",
      "max": 10
    },
    {
      "type": "subtask",
      "text": "В блоке \"Погода за сегодня\" корректно отображается дата в указанном в описании задания формате, часы, обновляющие время каждую секунду",
      "max": 10
    },
    {
      "type": "subtask",
      "text": "В блоке \"Прогноз погоды на три дня\" корректно отображаются данные, относящиеся к текущему местоположению пользователя",
      "max": 10
    },
    {
      "type": "subtask",
      "text": "В блоке \"Геолокационные данные\" корректно отображается карта с маской (форма карты отличная от прямоугольной) и маркером населённого пункта",
      "max": 10
    },
    {
      "type": "subtask",
      "text": "В блоке \"Геолокационные данные\" корректно отображаются координаты в градусах и минутах ",
      "max": 10
    },

    {
      "type": "title",
      "title": "Advanced scope +80/+130"
    },
    {
      "type": "subtask",
      "text": "Реализован поиск. Поиск работает как при нажатии на клавишу Enter в поле поиска, так и при клике на кнопку Поиск",
      "max": 5
    },
    {
      "type": "subtask",
      "text": "Поиск корректно работает для разных населённых пунктов - больших и маленьких, столиц и посёлков",
      "max": 10
    },
    {
      "type": "subtask",
      "text": "При вводе в поле поиска некорректных запросов, по которому API возвращает ошибку, приложение не ломается, выводится уведомление об ошибке. Возникающие ошибки в работе с API (прерывание соединения в ходе запроса, возвращаемые ошибки от API типа 4xx, 5xx) также обрабатываются клиентом и выводятся в область уведомления об ошибке",
      "max": 10
    },
    {
      "type": "subtask",
      "text": "Дата и время указываются для того часового пояса, в котором находится указанный в поле поиска населённый пункт",
      "max": 10
    },
    {
      "type": "subtask",
      "text": "Если у координаты есть знак минус, он тоже выводится, или возле координаты выводится буква, обозначающая широту (северная (N), южная (S)) и долготу (восточная (E), западная (W))",
      "max": 5
    },
    {
      "type": "subtask",
      "text": "Одновременное обновление всех элементов страницы при вводе нового населенного пункта после получения успешного ответа по каждому из запросов (название по локации приходит быстро, а погода, иконки ее и т.п. - медленно). В случае возникновения ошибки по одному из запросов данные не обновляются",
      "max": 10
    },
    {
      "type": "subtask",
      "text": "Фоновое изображение генерируется с учётом поры года и времени суток указанного в поле поиска населённого пункта (по желанию можно добавлять и другие параметры поиска). Если возникла ошибка в ходе получения картинки, использовать любое стандартное фоновое изображение. Так как API для картинок не всегда возвращает правильный результат, данные о параметрах запроса фонового изображения для удобства в ходе проверки ментором или в процессе кросс чека выведите в консоль",
      "max": 10
    },
    {
      "type": "subtask",
      "text": "Плавная смена фонового изображения, изображение сначала загружается и только потом меняется, у изображения есть полупрозрачный оверлей или используется другой способ, обеспечивающий чёткость и контрастность надписей",
      "max": 10
    },
    {
      "type": "subtask",
      "text": "При смене шкалы отображения температур происходит пересчёт температур в соответствии с выбранной шкалой и меняется отображение активной кнопки, позволяющей определить, какая шкала сейчас активна. При перезагрузке страницы сохраняется выбранная пользователем шкала отображения температур",
      "max": 10
    },
    {
      "type": "title",
      "title": "Hacker scope +90"
    },
    {
      "type": "subtask",
      "text": "Есть возможность включения/ выключения микрофона по клику, есть индикация активного и неактивного состояния микрофона",
      "max": 5
    },
    {
      "type": "sub-title",
      "title": "Голосовой поиск по названию населённого пункта"
    },
    {
      "type": "subtask",
      "text": "После того, как название населённого пункта произнесено, поиск срабатывает автоматически, без необходимости кликать на кнопку",
      "max": 10
    },
    {
      "type": "subtask",
      "text": "Поиск ведётся на языке отображения страницы, если срабатывает поиск и на другом языке тоже, это не является ошибкой",
      "max": 5
    },
    {
      "type": "sub-title",
      "title": "Голосовое уведомление о погоде на сегодня"
    },
    {
      "type": "subtask",
      "text": "При клике по кнопке проигрывания звука есть возможность прослушать звуковое уведомление о прогнозе погоды",
      "max": 5
    },
    {
      "type": "subtask",
      "text": "Голосовое уведомление о прогнозе погоды можно запустить произнеся кодовую фразу",
      "max": 5
    },
    {
      "type": "subtask",
      "text": "Голосом можно регулировать громкость уведомления",
      "max": 5
    },
    {
      "type": "subtask",
      "text": "Кодовые фразы управления громкостью не запускают поиск по названию населенного пункта",
      "max": 5
    },
    {
      "type": "sub-title",
      "title": "Перевод текста страницы (en/ru/be)"
    },
    {
      "type": "subtask",
      "text": "Переводится весь текст страницы. Не является ошибкой отсутствие перевода карты",
      "max": 10
    },
    {
      "type": "subtask",
      "text": "Название населённого пункта и страны всегда отображается на выбранном языке",
      "max": 10
    },
    {
      "type": "subtask",
      "text": "Перевод на текущий выбранный язык названий дней недели и месяцев",
      "max": 5
    },
    {
      "type": "subtask",
      "text": "При перезагрузке страницы сохраняется выбранный пользователем язык",
      "max": 5
    },
    {
      "type": "sub-title",
      "title": "Бонусные баллы за качество приложения"
    },
    {
      "type": "subtask",
      "text": "Оригинальный интересный качественный дизайн приложения, иконки погоды и кнопки анимированы, для анимации используются ключевые кадры или svg-анимация",
      "max": 10
    },
    {
      "type": "subtask",
      "text": "Продуман и реализован не предусмотренный заданием дополнительный функционал",
      "max": 10
    }
  ]
}
