{
  "taskName": "Shelter. Week-1",
  "github": "https://github.com/rolling-scopes-school/tasks/blob/master/tasks/shelter/shelter-part1.md",
  "criteria": [
    {
      "type": "title",
      "title": "Уважаемые проверяющие. Проверяются только требования, указанные в критериях. Если какой-то момент в критериях не описан, его не проверяем и не оцениваем."
    },
    {
      "type": "title",
      "title": "Работа приложения проверяется на компьютере в браузере Google Chrome последней версии. Все сомнения трактуются в пользу студента. Если сомневаетесь снимать баллы или нет, не снимайте."
    },
    {
      "type": "title",
      "title": "Страница Main (60)"
    },
    {
      "type": "title",
      "title": "Проверка верстки +7"
    },
    {
      "type": "subtask",
      "text": "верстка страницы валидная: для проверки валидности вёрстки используйте сервис https://validator.w3.org/  Валидной вёрстке соответствует надпись 'Document checking completed. No errors or warnings to show.' В таком случае баллы за пункт требований выставляем полностью. Если есть предупреждения - warnings, но нет ошибок - errors, выставляем половину баллов за пункт требований",
      "max": 4
    },
    {
      "type": "subtask",
      "text": "логотип в хедере состоит из текстовых элементов",
      "max": 1
    },
    {
      "type": "subtask",
      "text": "страница содержит ровно один элемент 'h1'",
      "max": 1
    },
    {
      "type": "subtask",
      "text": "добавлен favicon",
      "max": 1
    },
    {
      "type": "title",
      "title": "Вёрстка соответствует макету +35"
    },
    {
      "type": "subtask",
      "text": "блок 'header'",
      "max": 5
    },
    {
      "type": "subtask",
      "text": "блок 'Not only'",
      "max": 5
    },
    {
      "type": "subtask",
      "text": "блок 'About'",
      "max": 5
    },
    {
      "type": "subtask",
      "text": "блок 'Our Friends'",
      "max": 5
    },
    {
      "type": "subtask",
      "text": "блок 'Help'",
      "max": 5
    },
    {
      "type": "subtask",
      "text": "блок 'In addition'",
      "max": 5
    },
    {
      "type": "subtask",
      "text": "блок 'footer'",
      "max": 5
    },
    {
      "type": "title",
      "title": "Требования к css +6"
    },
    {
      "type": "subtask",
      "text": "для позиционирования элементов блока Help использована сеточная верстка (flexbox или grid)",
      "max": 2
    },
    {
      "type": "subtask",
      "text": "при уменьшении масштаба страницы браузера или увеличении ширины страницы (>1280px). вёрстка размещается по центру, а не сдвигается в сторону и не растягивается по всей ширине",
      "max": 2
    },
    {
      "type": "subtask",
      "text": "фоновый цвет тянется на всю ширину страницы",
      "max": 2
    },
    {
      "type": "title",
      "title": "Интерактивность элементов +12"
    },
    {
      "type": "subtask",
      "text": "элемент 'About the Shelter' в навигации подсвечен и неинтерактивен, остальные элементы навигации интерактивны",
      "max": 2
    },
    {
      "type": "subtask",
      "text": "каждая карточка с питомцем в блоке 'Our Friends' интерактивна при наведении на любую область этой карточки",
      "max": 2
    },
    {
      "type": "subtask",
      "text": "плавная прокрутка по якорям",
      "max": 2
    },
    {
      "type": "subtask",
      "text": "выполняются все ссылочные связи согласно Перечню ссылочных связей для страницы 'Main'",
      "max": 2
    },
    {
      "type": "subtask",
      "text": "выполнена интерактивность ссылок и кнопок. Интерактивность заключается не только в изменении внешнего вида курсора, например, при помощи свойства 'cursor: pointer', но и в использовании и других визуальных эффектов, например, изменение цвета фона или цвета шрифта, согласно стайлгайду в макете. Если в макете стили не указаны, реализуете их по своему усмотрению, руководствуясь общим стилем макета",
      "max": 2
    },
    {
      "type": "subtask",
      "text": "обязательное требование к интерактивности: плавное изменение внешнего вида элемента при наведении и клике, не влияющее на соседние элементы",
      "max": 2
    },
    {
      "type": "title",
      "title": "Страница Pets (40)"
    },
    {
      "type": "title",
      "title": "Проверка верстки +7"
    },
    {
      "type": "subtask",
      "text": "верстка страницы валидная: для проверки валидности вёрстки используйте сервис https://validator.w3.org/ . +4 Валидной вёрстке соответствует надпись 'Document checking completed. No errors or warnings to show.' В таком случае баллы за пункт требований выставляем полностью. Если есть предупреждения - warnings, но нет ошибок - errors, выставляем половину баллов за пункт требований",
      "max": 4
    },
    {
      "type": "subtask",
      "text": "логотип в хедере состоит из текстовых элементов",
      "max": 1
    },
    {
      "type": "subtask",
      "text": "страница содержит ровно один элемент 'h1'",
      "max": 1
    },
    {
      "type": "subtask",
      "text": "добавлен favicon",
      "max": 1
    },
    {
      "type": "title",
      "title": "Вёрстка соответствует макету +15"
    },
    {
      "type": "subtask",
      "text": "блок 'header'",
      "max": 5
    },
    {
      "type": "subtask",
      "text": "блок 'Our Friends'",
      "max": 5
    },
    {
      "type": "subtask",
      "text": "блок 'footer'",
      "max": 5
    },
    {
      "type": "title",
      "title": "Требования к css +4"
    },
    {
      "type": "subtask",
      "text": "при уменьшении масштаба страницы браузера или увеличении ширины страницы (>1280px) вёрстка размещается по центру, а не сдвигается в сторону и не растягивается по всей ширине",
      "max": 2
    },
    {
      "type": "subtask",
      "text": "фоновый цвет тянется на всю ширину страницы",
      "max": 2
    },
    {
      "type": "title",
      "title": "Интерактивность элементов +14"
    },
    {
      "type": "subtask",
      "text": "элемент 'Our pets' в навигации подсвечен и неинтерактивен, остальные элементы навигации интерактивны",
      "max": 2
    },
    {
      "type": "subtask",
      "text": "доступные кнопки пагинации (вправо) активны, недоступные (влево) - неактивны (disabled)",
      "max": 2
    },
    {
      "type": "subtask",
      "text": "каждая карточка с питомцем в блоке 'Our Friends' интерактивна при наведении на любую область этой карточки",
      "max": 2
    },
    {
      "type": "subtask",
      "text": "плавная прокрутка по якорям",
      "max": 2
    },
    {
      "type": "subtask",
      "text": "выполняются все ссылочные связи согласно Перечню ссылочных связей для страницы 'Pets'",
      "max": 2
    },
    {
      "type": "subtask",
      "text": "выполнена интерактивность ссылок и кнопок. Интерактивность заключается не только в изменении внешнего вида курсора, например, при помощи свойства 'cursor: pointer', но и в использовании и других визуальных эффектов, например, изменение цвета фона или цвета шрифта, согласно стайлгайду в макете. Если в макете стили не указаны, реализуете их по своему усмотрению, руководствуясь общим стилем макета",
      "max": 2
    },
    {
      "type": "subtask",
      "text": "обязательное требование к интерактивности: плавное изменение внешнего вида элемента при наведении и клике, не влияющее на соседние элементы",
      "max": 2
    },
    {
      "type": "title",
      "title": "Штрафы"
    },
    {
      "type": "penalty",
      "text": "Верстка всего макета или отдельных блоков добавлена картинкой",
      "max": -100
    },
    {
      "type": "penalty",
      "text": "Использованы запрещенные техническими требованиями фреймворки, библиотеки, надстройки",
      "max": -100
    }
  ]
}
