{
    "taskName": "Travel#2",
    "github": "https://github.com/rolling-scopes-school/tasks/blob/master/tasks/travel/travel-part2.md",
    "criteria": [
      {
        "type": "title",
        "title": "Уважаемые проверяющие.\nПроверяются только требования, указанные в критериях.\nЕсли какой-то момент в критериях не описан, его не проверяем и не оцениваем."
      },
      {
        "type": "title",
        "title": "Работа приложения проверяется на компьютере в браузере Google Chrome последней версии\nЕсли при проверке в dev tools страница не перестроилась сразу, её может понадобиться несколько раз обновить\nВсе сомнения трактуются на пользу студента\nЕсли сомневаетесь снимать баллы или нет, не снимайте"
      },
      {
        "type": "title",
        "title": "Вёрстка соответствует макету. Ширина экрана 390px - 48 баллов"
      },
      {
        "type": "subtask",
        "text": "Блок header",
        "max": 6
      },
      {
        "type": "subtask",
        "text": "Секция preview",
        "max": 9
      },
      {
        "type": "subtask",
        "text": "Секция steps",
        "max": 9
      },
      {
        "type": "subtask",
        "text": "Секция destinations",
        "max": 9
      },
      {
        "type": "subtask",
        "text": "Секция stories",
        "max": 9
      },
      {
        "type": "subtask",
        "text": "Блок footer",
        "max": 6
      },
      {
        "type": "title",
        "title": "Ни на одном из разрешений до 320px включительно не появляется горизонтальная полоса прокрутки. Весь контент страницы при этом сохраняется: не обрезается и не удаляется +15"
      },
      {
        "type": "subtask",
        "text": "нет полосы прокрутки при ширине страницы от 1440рх до 390px",
        "max": 7
      },
      {
        "type": "subtask",
        "text": "нет полосы прокрутки при ширине страницы от 390px до 320рх",
        "max": 8
      },
      {
        "type": "title",
        "title": "На ширине экрана 390рх и меньше реализовано адаптивное меню +22"
      },
      {
        "type": "subtask",
        "text": "при ширине страницы 390рх панель навигации скрывается, появляется бургер-иконка",
        "max": 2
      },
      {
        "type": "subtask",
        "text": "при нажатии на бургер-иконку плавно появляется адаптивное меню",
        "max": 4
      },
      {
        "type": "subtask",
        "text": "адаптивное меню соответствует макету",
        "max": 4
      },
      {
        "type": "subtask",
        "text": "при нажатии на крестик адаптивное меню плавно скрывается уезжая за экран",
        "max": 4
      },
      {
        "type": "subtask",
        "text": "ссылки в адаптивном меню работают, обеспечивая плавную прокрутку по якорям (все, кроме Account, она пока просто закрывает меню)",
        "max": 4
      },
      {
        "type": "subtask",
        "text": "при клике по ссылке в адаптивном меню адаптивное меню плавно скрывается, также скрытие меню происходит если сделать клик вне данного окна",
        "max": 4
      }
    ]
  }
  