{
  "taskName": "virtual-keyboard",
  "github": "https://github.com/rolling-scopes-school/tasks/blob/master/tasks/virtual-keyboard/virtual-keyboard-ru.md",
  "criteria": [
    {
      "type": "title",
      "title": "Уважаемые проверяющие.\nПроверяются только требования, указанные в критериях.\nЕсли какой-то момент в критериях не описан, его не проверяем и не оцениваем.\nВсе сомнения трактуются на пользу студента\nЕсли в работе сделано больше, чем требуется в задании, это не является поводом для снижения баллов\nЕсли сомневаетесь снимать баллы или нет, не снимайте"
    },
    {
      "type": "title",
      "title": "В ходе проверки язык, указанный в операционной системе проверяющего, и язык виртуальной клавиатуры должны совпадать\nТо есть, когда начинаете проверять, смотрите какой язык у виртуальной клавиатуры. Если он совпадает - проверяете дальше. Если нет, переключаете язык в своей системе и начинаете проверку.\nТакже должны совпадать состояния клавиш Shift и CapsLock\nНе требуется реализовывать синхронизацию языка, состояний клавиш Shift и CapsLock между реальной и виртуальной клавиатурами.\nВ виртуальной клавиатуре должны присутствовать алфавитно-цифровые клавиши, а также клавиши, указанные в описании задания. За отсутствие в виртуальной клавиатуре других клавиш, которые есть в физической, баллы не снимаем"
    },
    {
      "type": "title",
      "title": "Если страница с клавиатурой загружается пустой, необходимо очистить Local storage. Такое возможно, если обе работы сохраняют в Local storage данные с одинаковы именем, но с разными свойствами\nРабота приложения проверяется в браузере Google Chrome последней версии\nАдаптивность проверяем в Toggle device toolbar браузера Google Chrome\nПри проверке адаптивности нужно иметь в виду, что в Google Chrome масштаб регулируется автоматически. Поэтому прежде чем снимать баллы за визуально слишком мелкий шрифт, обратите внимание на масштаб\nПриложение может быть как на английском, так и на русском языке"
    },
    {
      "type": "title",
      "title": "Базовая функциональность"
    },
    {
      "type": "subtask",
      "text": "при клике мышкой по клавишам с символами, эти символы отображаются в окне ввода текста. Есть клавиша пробел",
      "max": 2
    },
    {
      "type": "subtask",
      "text": "есть клавиша CapsLock, переводящая все буквы в верхний регистр. Активное и неактивное состояние клавиши отличаются визуально",
      "max": 2
    },
    {
      "type": "subtask",
      "text": "есть клавиша Backspace, удаляющая символы перед курсором. Есть клавиша Enter для перехода на новую строку",
      "max": 2
    },
    {
      "type": "subtask",
      "text": "клавиатуру можно скрыть и отобразить на экране",
      "max": 2
    },
    {
      "type": "subtask",
      "text": "в окне для ввода текста сохраняются возможности обычной физической клавиатуры: текст можно набирать, выделять, удалять, добавлять текст в средину строки. Проверяем только те возможности физичесткой клавиатуры, которые есть в оригинальном проекте. Несохранение текста при переходе между физической и виртуальной клавиатурой не является поводом для снижения баллов.Работа с выделенным текстом с помощью виртуальной клавиатуры не оценивается, не требуется реализовывать выделение текста средствами виртуальной клавиатуры",
      "max": 2
    },
    {
      "type": "subtask",
      "text": "в окне для ввода текста отображается текущая позиция курсора в виде вертикальной мигающей чёрточки",
      "max": 2
    },
    {
      "type": "title",
      "title": "Клавиша Shift"
    },
    {
      "type": "subtask",
      "text": "клавиша Shift меняет регистр букв - строчные переводит в заглавные, заглавные (при зажатой CapsLock) переводит в строчные. Две клавиши Shift в задании не требуются",
      "max": 2
    },
    {
      "type": "subtask",
      "text": "клавиша Shift позволяет выводить дополнительные символы вместо цифр и символов основной раскладки",
      "max": 2
    },
    {
      "type": "subtask",
      "text": "активное и неактивное состояние клавиши Shift отличаются визуально",
      "max": 2
    },
    {
      "type": "subtask",
      "text": "переключение клавиши Shift происходит по клику, аналогично тому, как переключается состояние клавиши CapsLock в исходном проекте. Если после ввода одного символа клавиша Shift автоматически возвращается в исходное положение, за такой вариант реализации баллы не снимаем ",
      "max": 2
    },
    {
      "type": "title",
      "title": "Смена языка en/ru"
    },
    {
      "type": "subtask",
      "text": "для смены языка добавлена дополнительная клавиша en/ru, при клике по которой происходит переключение между русской и английской раскладкой клавиатуры",
      "max": 2
    },
    {
      "type": "subtask",
      "text": "при переключении языка на клавише en/ru отображается установленный в данный момент язык",
      "max": 2
    },
    {
      "type": "subtask",
      "text": "при переключении языка на других клавишах клавиатуры отображаются символы выбранного языка, при кликам по ним эти символы выводятся в окно для ввода текста",
      "max": 2
    },
    {
      "type": "subtask",
      "text": "при зажатой клавише Shift на клавишах отображаются и в окне для ввода текста выводятся дополнительные символы соответствующей раскладки",
      "max": 2
    },
    {
      "type": "title",
      "title": "Горизонтальные стрелки для перемещения в пределах строки"
    },
    {
      "type": "subtask",
      "text": "для перемещения в пределах строки добавлены стрелки влево-вправо клики по которым реализуют горизонтальную навигацию курсора. Визуально позиция курсора отображается в виде вертикальной мигающей чёрточки",
      "max": 4
    },
    {
      "type": "subtask",
      "text": "после перемещения позиции курсора ввод/удаление текста с виртуальной клавиатуры происходит по текущей позиции курсора в т.ч. внутри строки",
      "max": 4
    },
    {
      "type": "title",
      "title": "Подсветка клавиш виртуальной клавиатуры при кликах по клавишам физической клавиатуры"
    },
    {
      "type": "subtask",
      "text": "нажатие на клавиши физической клавиатуры подсвечивает соответствующие алфавитно-цифровые клавиши виртуальной клавиатуры. Проверка осуществляется при одинаковых языках виртуальной и физической клавиатур",
      "max": 2
    },
    {
      "type": "subtask",
      "text": "символы нажатых алфавитно-цифровых клавиш физической клавиатуры выводятся в окне для ввода текста",
      "max": 2
    },
    {
      "type": "subtask",
      "text": "нажатие на клавиши Backspace, Enter физической клавиатуры подсвечивает соответствующие клавиши виртуальной клавиатуры, производит то же действие, которое происходит при кликах по клавишам Backspace и Enter мышкой (удаление символа и переход на новую строку)\nРаботу клавиш Shift и CapsLock виртуальной клавиатуры при кликах по клавишам физической клавиатуры не оцениваем и не проверяем из-за разной их работы в операционных системах Windows и MacOS",
      "max": 2
    },
    {
      "type": "title",
      "title": "Озвучивание нажатия клавиш"
    },
    {
      "type": "subtask",
      "text": "при печати на виртуальной клавиатуре воспроизводится звук пишущей машинки, или другие звуки. Если звуки воспроизводятся и при печати на реальной клавиатуре, это не является ошибкой",
      "max": 2
    },
    {
      "type": "subtask",
      "text": "звуки при печати в русской и английской раскладке отличаются. Предусмотрены уникальные звуки для клавиш Shift, CapsLock, Backspace, Enter. Отличие звуков для клавиш Shift, CapsLock, Backspace, Enter в разных раскладках не требуется",
      "max": 2
    },
    {
      "type": "subtask",
      "text": "есть возможность включить и отключить озвучивание нажатия клавиш, для этого на виртуальной клавиатуре предусмотрена отдельная клавиша. Активное и неактивное состояние данной клавиши отличается визуально и переключается кликом.",
      "max": 2
    },
    {
      "type": "title",
      "title": "Клавиатура адаптируется под размер страницы"
    },
    {
      "type": "subtask",
      "text": "размер клавиш виртуальной клавиатуры и шрифта на них адаптируется под размер экрана. Минимальная ширина страницы, при которой проверяется корректность отображения и работы клавиатуры - 500рх",
      "max": 2
    },
    {
      "type": "subtask",
      "text": "размер шрифта на клавишах не меньше 14рх, достаточная контрастность шрифта и фона клавиш в активном и неактивном состоянии",
      "max": 2
    },
    {
      "type": "title",
      "title": "Голосовой ввод текста"
    },
    {
      "type": "subtask",
      "text": "на виртуальной клавиатуре есть отдельная клавиша, при клике по которой можно включить/отключить голосовой ввод текста. Активное и неактивное состояние клавиши отличаются визуально",
      "max": 2
    },
    {
      "type": "subtask",
      "text": "если голосовой ввод текста включён, в окне для ввода текста выводится текст, который поступает на устройство записи звука (например, микрофон или стереомикшер) указанное в настройках операционной системы. Возможность изменить позицию курсора и/или вносить свои правки в процессе голосового ввода не проверяется и не оценивается.",
      "max": 2
    },
    {
      "type": "subtask",
      "text": "язык распознавания голоса en/ru меняется при переключении языка виртуальной клавиатуры. Нет требования смены языка \"на лету\". Последовательность действий при проверке: отключаем голосовой ввод, переключаем язык, включаем голосовой ввод. Если SpeechRecognition при установленном русском языке распознаёт как русский язык, так и английский, это не является ошибкой",
      "max": 2
    },
    {
      "type": "subtask",
      "text": "голосовой ввод текста продолжается до тех пор, пока активна клавиша голосового ввода",
      "max": 2
    },
    {
      "type": "title",
      "title": "Ссылки на лучшие работы добавьте, пожалуйста, в эту форму https://forms.gle/v8EoNu1QjU1otUxg7"
    }
  ]
}
