[
  {
    "title": "Pulp Fiction",
    "director": "Quentin Tarantino",
    "year": 1994, 
    "genres": ["crime", "drama"],
    "rating": 8.9,
    "duration": {
      "hours": 2,
      "minutes": 34
    },
    "reviews": [
      { "name": "Jack", "text": "Amazing movie!" },
      { "name": "Tom", "text": "Super cool" }
    ]
  },
  {
    "title": "Fight Club",
    "director": "David Fincher",
    "year": 1999, 
    "genres": ["drama"],
    "rating": 8.8,
    "duration": {
      "hours": 2,
      "minutes": 19
    },
    "reviews": [
      { "name": "John", "text": "10 points" },
      { "name": "Jane", "text": "Very nice" }
    ]
  },
  {
    "title": "Forrest Gump",
    "director": "Robert Zemeckis",
    "year": 1994, 
    "genres": ["drama", "romance"],
    "rating": 8.8,
    "duration": {
      "hours": 2,
      "minutes": 22
    },
    "reviews": [
      { "name": "Jack", "text": "I like it!" }
    ]
  },
  {
    "title": "The Shawshank Redemption",
    "director": "Frank Darabont",
    "year": 1994, 
    "genres": ["drama"],
    "rating": 9.3,
    "duration": {
      "hours": 2,
      "minutes": 22
    },
    "reviews": [
      { "name": "Kate", "text": "Where does it come from?" }
    ]
  },
  {
    "title": "The Godfather",
    "director": "Francis Ford Coppola",
    "year": 1972, 
    "genres": ["crime", "drama"],
    "rating": 9.2,
    "duration": {
      "hours": 2,
      "minutes": 55
    },
    "reviews": []
  },
  {
    "title": "Goodfellas",
    "director": "Martin Scorsese",
    "year": 1990, 
    "genres": ["crime", "drama", "biography"],
    "rating": 8.7,
    "duration": {
      "hours": 2,
      "minutes": 25
    },
    "reviews": []
  },
  {
    "title": "Saving Private Ryan",
    "director": "Steven Spielberg",
    "year": 1998, 
    "genres": ["war", "drama"],
    "rating": 8.6,
    "duration": {
      "hours": 2,
      "minutes": 49
    },
    "reviews": [
      { "name": "Jerry", "text": "a type specimen book. It has survived not only five centuries" },
      { "name": "Kate", "text": "a type specimen book. It has survived not only five centuries" }
    ]
  },
  {
    "title": "The Hateful Eight",
    "director": "Quentin Tarantino",
    "year": 2015, 
    "genres": ["crime", "drama", "mystery"],
    "rating": 7.8,
    "duration": {
      "hours": 2,
      "minutes": 48
    },
    "reviews": [
      { "name": "Din", "text": "Very boring" },
      { "name": "Sam", "text": "I like this film" }
    ]
  },
  {
    "title": "Inglourious Basterds",
    "director": "Quentin Tarantino",
    "year": 2009, 
    "genres": ["adventure", "drama", "war"],
    "rating": 8.3,
    "duration": {
      "hours": 2,
      "minutes": 33
    },
    "reviews": [
      { "name": "Sam", "text": "I like this film" }
    ]
  },
  {
    "title": "Lock, Stock and Two Smoking Barrels",
    "director": "Guy Ritchie",
    "year": 1998, 
    "genres": ["action", "comedy", "crime"],
    "rating": 8.2,
    "duration": {
      "hours": 1,
      "minutes": 47
    },
    "reviews": [
      { "name": "Mike", "text": "Very funny" }
    ]
  },
  {
    "title": "Snatch",
    "director": "Guy Ritchie",
    "year": 2000, 
    "genres": ["comedy", "crime"],
    "rating": 8.3,
    "duration": {
      "hours": 1,
      "minutes": 44
    },
    "reviews": [
      { "name": "Jack", "text": "Coool!" }
    ]
  }
]
