{
  "info": {
    "_postman_id": "0b5271e8-f398-47f1-a728-4336a61513a9",
    "name": "Musicify",
    "schema": "https://schema.getpostman.com/json/collection/v2.1.0/collection.json",
    "_exporter_id": "12066133"
  },
  "item": [
    {
      "name": "Genres",
      "item": [
        {
          "name": "get all",
          "protocolProfileBehavior": {
            "disableBodyPruning": true
          },
          "request": {
            "auth": {
              "type": "noauth"
            },
            "method": "GET",
            "header": [],
            "body": {
              "mode": "raw",
              "raw": "{\n    \"name\": \"qweqweqwe\",\n    \"description\": \"description\",\n    \"country\": \"country\",\n    \"year\": 1970\n}",
              "options": {
                "raw": {
                  "language": "json"
                }
              }
            },
            "url": {
              "raw": "{{genres_url}}",
              "host": [
                "{{genres_url}}"
              ]
            }
          },
          "response": []
        },
        {
          "name": "delete",
          "request": {
            "method": "DELETE",
            "header": [],
            "url": {
              "raw": "{{genres_url}}/:id",
              "host": [
                "{{genres_url}}"
              ],
              "path": [
                ":id"
              ],
              "variable": [
                {
                  "key": "id",
                  "value": "62a9c3e9e50483c971738b27"
                }
              ]
            }
          },
          "response": []
        },
        {
          "name": "update",
          "request": {
            "method": "PUT",
            "header": [],
            "body": {
              "mode": "raw",
              "raw": "{\n    \"name\": \"name\",\n    \"description\": \"description\",\n    \"country\": \"country\",\n    \"_id\": \"62a9c3e9e50483c971738b27\",\n    \"year\": 1970\n}",
              "options": {
                "raw": {
                  "language": "json"
                }
              }
            },
            "url": {
              "raw": "{{genres_url}}/:id",
              "host": [
                "{{genres_url}}"
              ],
              "path": [
                ":id"
              ],
              "variable": [
                {
                  "key": "id",
                  "value": null
                }
              ]
            }
          },
          "response": []
        },
        {
          "name": "create",
          "request": {
            "method": "POST",
            "header": [],
            "body": {
              "mode": "raw",
              "raw": "{\n    \"name\": \"name\",\n    \"description\": \"description\",\n    \"country\": \"country\",\n    \"year\": 1970\n}",
              "options": {
                "raw": {
                  "language": "json"
                }
              }
            },
            "url": {
              "raw": "{{genres_url}}",
              "host": [
                "{{genres_url}}"
              ]
            }
          },
          "response": []
        },
        {
          "name": "get by id",
          "protocolProfileBehavior": {
            "disableBodyPruning": true
          },
          "request": {
            "auth": {
              "type": "noauth"
            },
            "method": "GET",
            "header": [],
            "body": {
              "mode": "raw",
              "raw": "{\n    \"name\": \"name\",\n    \"description\": \"description\",\n    \"country\": \"country\",\n    \"year\": 1970\n}",
              "options": {
                "raw": {
                  "language": "json"
                }
              }
            },
            "url": {
              "raw": "{{genres_url}}/:id",
              "host": [
                "{{genres_url}}"
              ],
              "path": [
                ":id"
              ],
              "variable": [
                {
                  "key": "id",
                  "value": null
                }
              ]
            }
          },
          "response": []
        }
      ]
    },
    {
      "name": "Artists",
      "item": [
        {
          "name": "get all",
          "protocolProfileBehavior": {
            "disableBodyPruning": true
          },
          "request": {
            "auth": {
              "type": "noauth"
            },
            "method": "GET",
            "header": [],
            "body": {
              "mode": "raw",
              "raw": "{\n    \"name\": \"name\",\n    \"description\": \"description\",\n    \"country\": \"country\",\n    \"year\": 1970\n}",
              "options": {
                "raw": {
                  "language": "json"
                }
              }
            },
            "url": {
              "raw": "{{artists_url}}",
              "host": [
                "{{artists_url}}"
              ]
            }
          },
          "response": []
        },
        {
          "name": "delete",
          "request": {
            "method": "DELETE",
            "header": [],
            "url": {
              "raw": "{{artists_url}}/:id",
              "host": [
                "{{artists_url}}"
              ],
              "path": [
                ":id"
              ],
              "variable": [
                {
                  "key": "id",
                  "value": null
                }
              ]
            }
          },
          "response": []
        },
        {
          "name": "update",
          "request": {
            "method": "PUT",
            "header": [],
            "body": {
              "mode": "raw",
              "raw": "{\n    \"name\": \"name\",\n    \"description\": \"description\",\n    \"country\": \"country\",\n    \"_id\": \"62a9c3e9e50483c971738b27\",\n    \"year\": 1970\n}",
              "options": {
                "raw": {
                  "language": "json"
                }
              }
            },
            "url": {
              "raw": "{{artists_url}}/:id",
              "host": [
                "{{artists_url}}"
              ],
              "path": [
                ":id"
              ],
              "variable": [
                {
                  "key": "id",
                  "value": null
                }
              ]
            }
          },
          "response": []
        },
        {
          "name": "create",
          "request": {
            "method": "POST",
            "header": [],
            "body": {
              "mode": "raw",
              "raw": "{\n    \"name\": \"name\",\n    \"description\": \"description\",\n    \"country\": \"country\",\n    \"year\": 1970\n}",
              "options": {
                "raw": {
                  "language": "json"
                }
              }
            },
            "url": {
              "raw": "{{artists_url}}",
              "host": [
                "{{artists_url}}"
              ]
            }
          },
          "response": []
        },
        {
          "name": "get by id",
          "protocolProfileBehavior": {
            "disableBodyPruning": true
          },
          "request": {
            "auth": {
              "type": "noauth"
            },
            "method": "GET",
            "header": [],
            "body": {
              "mode": "raw",
              "raw": "{\n    \"name\": \"name\",\n    \"description\": \"description\",\n    \"country\": \"country\",\n    \"year\": 1970\n}",
              "options": {
                "raw": {
                  "language": "json"
                }
              }
            },
            "url": {
              "raw": "{{artists_url}}/:id",
              "host": [
                "{{artists_url}}"
              ],
              "path": [
                ":id"
              ],
              "variable": [
                {
                  "key": "id",
                  "value": null
                }
              ]
            }
          },
          "response": []
        }
      ]
    },
    {
      "name": "Bands",
      "item": [
        {
          "name": "get all",
          "protocolProfileBehavior": {
            "disableBodyPruning": true
          },
          "request": {
            "auth": {
              "type": "noauth"
            },
            "method": "GET",
            "header": [],
            "body": {
              "mode": "raw",
              "raw": "{\n    \"name\": \"qweqweqwe\",\n    \"description\": \"description\",\n    \"country\": \"country\",\n    \"year\": 1970\n}",
              "options": {
                "raw": {
                  "language": "json"
                }
              }
            },
            "url": {
              "raw": "{{bands_url}}",
              "host": [
                "{{bands_url}}"
              ]
            }
          },
          "response": []
        },
        {
          "name": "delete",
          "request": {
            "method": "DELETE",
            "header": [],
            "url": {
              "raw": "{{bands_url}}/:id",
              "host": [
                "{{bands_url}}"
              ],
              "path": [
                ":id"
              ],
              "variable": [
                {
                  "key": "id",
                  "value": null
                }
              ]
            }
          },
          "response": []
        },
        {
          "name": "update",
          "request": {
            "method": "PUT",
            "header": [],
            "body": {
              "mode": "raw",
              "raw": "{\n    \"_id\": \"62af1b671227452682233fe0\",\n    \"members\": [\n        {\n            \"_id\": \"62aef901cbabce5a0bdc0a28\",\n            \"instrument\": \"Guitar\"\n        },\n        {\n            \"_id\": \"62aef8e2cbabce5a0bdc0a26\",\n            \"instrument\": \"Drums\"\n        },\n        {\n            \"_id\": \"62aef93acbabce5a0bdc0a2c\",\n            \"instrument\": \"Bass\"\n        }\n    ]\n}",
              "options": {
                "raw": {
                  "language": "json"
                }
              }
            },
            "url": {
              "raw": "{{bands_url}}/:id",
              "host": [
                "{{bands_url}}"
              ],
              "path": [
                ":id"
              ],
              "variable": [
                {
                  "key": "id",
                  "value": null
                }
              ]
            }
          },
          "response": []
        },
        {
          "name": "create",
          "request": {
            "method": "POST",
            "header": [],
            "body": {
              "mode": "raw",
              "raw": "{\n    \"name\": \"Blink-182\"\n}",
              "options": {
                "raw": {
                  "language": "json"
                }
              }
            },
            "url": {
              "raw": "{{bands_url}}",
              "host": [
                "{{bands_url}}"
              ]
            }
          },
          "response": []
        },
        {
          "name": "get by id",
          "protocolProfileBehavior": {
            "disableBodyPruning": true
          },
          "request": {
            "auth": {
              "type": "noauth"
            },
            "method": "GET",
            "header": [],
            "body": {
              "mode": "raw",
              "raw": "{\n    \"name\": \"name\",\n    \"description\": \"description\",\n    \"country\": \"country\",\n    \"year\": 1970\n}",
              "options": {
                "raw": {
                  "language": "json"
                }
              }
            },
            "url": {
              "raw": "{{bands_url}}/:id",
              "host": [
                "{{bands_url}}"
              ],
              "path": [
                ":id"
              ],
              "variable": [
                {
                  "key": "id",
                  "value": null
                }
              ]
            }
          },
          "response": []
        }
      ]
    },
    {
      "name": "Users",
      "item": [
        {
          "name": "register",
          "request": {
            "method": "POST",
            "header": [],
            "body": {
              "mode": "raw",
              "raw": "{\n    \"firstName\": \"first name\",\n    \"lastName\": \"last name\",\n    \"password\": \"118649qwe\",\n    \"email\": \"met9129@gmail.com\",\n    \"favouriteArtistIds\": [\"62aef8e2cbabce5a0bdc0a26\"]\n}",
              "options": {
                "raw": {
                  "language": "json"
                }
              }
            },
            "url": {
              "raw": "{{users_url}}/register",
              "host": [
                "{{users_url}}"
              ],
              "path": [
                "register"
              ]
            }
          },
          "response": []
        },
        {
          "name": "login",
          "event": [
            {
              "listen": "test",
              "script": {
                "exec": [
                  "let resp = JSON.parse(responseBody);",
                  "",
                  "if(resp && resp.jwt){",
                  "    postman.setEnvironmentVariable(\"auth_token\", resp.jwt);",
                  "}"
                ],
                "type": "text/javascript"
              }
            }
          ],
          "request": {
            "method": "POST",
            "header": [],
            "body": {
              "mode": "raw",
              "raw": "{\n    \"email\": \"met9127@gmail.com\",\n    \"password\": \"118649qwe\"\n}",
              "options": {
                "raw": {
                  "language": "json"
                }
              }
            },
            "url": {
              "raw": "{{users_url}}/login",
              "host": [
                "{{users_url}}"
              ],
              "path": [
                "login"
              ]
            }
          },
          "response": []
        },
        {
          "name": "get by id",
          "request": {
            "method": "GET",
            "header": [],
            "url": {
              "raw": "{{users_url}}/:id",
              "host": [
                "{{users_url}}"
              ],
              "path": [
                ":id"
              ],
              "variable": [
                {
                  "key": "id",
                  "value": null
                }
              ]
            }
          },
          "response": []
        },
        {
          "name": "verify",
          "request": {
            "method": "POST",
            "header": [],
            "url": {
              "raw": "{{users_url}}/verify",
              "host": [
                "{{users_url}}"
              ],
              "path": [
                "verify"
              ]
            }
          },
          "response": []
        }
      ]
    },
    {
      "name": "Albums",
      "item": [
        {
          "name": "get all",
          "protocolProfileBehavior": {
            "disableBodyPruning": true
          },
          "request": {
            "auth": {
              "type": "noauth"
            },
            "method": "GET",
            "header": [],
            "body": {
              "mode": "raw",
              "raw": "{\n    \"name\": \"qweqweqwe\",\n    \"description\": \"description\",\n    \"country\": \"country\",\n    \"year\": 1970\n}",
              "options": {
                "raw": {
                  "language": "json"
                }
              }
            },
            "url": {
              "raw": "{{albums_url}}",
              "host": [
                "{{albums_url}}"
              ],
              "query": [
                {
                  "key": "limit",
                  "value": "100",
                  "disabled": true
                },
                {
                  "key": "offset",
                  "value": null,
                  "disabled": true
                },
                {
                  "key": "name",
                  "value": null,
                  "disabled": true
                }
              ]
            }
          },
          "response": []
        },
        {
          "name": "delete",
          "request": {
            "method": "DELETE",
            "header": [],
            "url": {
              "raw": "{{albums_url}}/:id",
              "host": [
                "{{albums_url}}"
              ],
              "path": [
                ":id"
              ],
              "query": [
                {
                  "key": "",
                  "value": null,
                  "disabled": true
                }
              ],
              "variable": [
                {
                  "key": "id",
                  "value": "62b4e5fa16fd43f2971873e3"
                }
              ]
            }
          },
          "response": []
        },
        {
          "name": "update",
          "request": {
            "method": "PUT",
            "header": [],
            "body": {
              "mode": "raw",
              "raw": "{\n    \"bandsIds\": [\"62af1b671227452682233fe0\"]\n}",
              "options": {
                "raw": {
                  "language": "json"
                }
              }
            },
            "url": {
              "raw": "{{albums_url}}/:id",
              "host": [
                "{{albums_url}}"
              ],
              "path": [
                ":id"
              ],
              "variable": [
                {
                  "key": "id",
                  "value": null,
                  "description": "62b4c81a02d7165f07c0e1bc"
                }
              ]
            }
          },
          "response": []
        },
        {
          "name": "create",
          "request": {
            "method": "POST",
            "header": [],
            "body": {
              "mode": "raw",
              "raw": "{\n    \"name\": \"Neighborhoods\",\n    \"released\": 201122\n}",
              "options": {
                "raw": {
                  "language": "json"
                }
              }
            },
            "url": {
              "raw": "{{albums_url}}",
              "host": [
                "{{albums_url}}"
              ]
            }
          },
          "response": []
        },
        {
          "name": "get by id",
          "protocolProfileBehavior": {
            "disableBodyPruning": true
          },
          "request": {
            "auth": {
              "type": "noauth"
            },
            "method": "GET",
            "header": [],
            "body": {
              "mode": "raw",
              "raw": "{\n    \"name\": \"name\",\n    \"description\": \"description\",\n    \"country\": \"country\",\n    \"year\": 1970\n}",
              "options": {
                "raw": {
                  "language": "json"
                }
              }
            },
            "url": {
              "raw": "{{genres_url}}/:id",
              "host": [
                "{{genres_url}}"
              ],
              "path": [
                ":id"
              ],
              "variable": [
                {
                  "key": "id",
                  "value": null
                }
              ]
            }
          },
          "response": []
        },
        {
          "name": "upload image",
          "request": {
            "method": "PUT",
            "header": [],
            "body": {
              "mode": "formdata",
              "formdata": [
                {
                  "key": "file",
                  "type": "file",
                  "src": "/Users/Konstantin_Metto/Desktop/Blink-182_-_Neighborhoods_cover.jpeg"
                }
              ]
            },
            "url": {
              "raw": "{{albums_url}}/:id/image",
              "host": [
                "{{albums_url}}"
              ],
              "path": [
                ":id",
                "image"
              ],
              "variable": [
                {
                  "key": "id",
                  "value": null
                }
              ]
            }
          },
          "response": []
        }
      ],
      "auth": {
        "type": "bearer",
        "bearer": [
          {
            "key": "token",
            "value": "eyJhbGciOiJIUzI1NiIsInR5cCI6IkpXVCJ9.eyJfaWQiOiI2MmFmNTczNDljM2FjMWQ4YzNlYjVmM2MiLCJmaXJzdE5hbWUiOiJmaXJzdCBuYW1lIiwibGFzdE5hbWUiOiJsYXN0IG5hbWUiLCJlbWFpbCI6Im1ldDkxMjdAZ21haWwuY29tIiwiaWF0IjoxNjU1OTcyMzU1fQ.JS0_Z3GM-T1YFZ3btInCGc8thpWYRB8NJ4p5JSIqhPQ",
            "type": "string"
          }
        ]
      },
      "event": [
        {
          "listen": "prerequest",
          "script": {
            "type": "text/javascript",
            "exec": [
              ""
            ]
          }
        },
        {
          "listen": "test",
          "script": {
            "type": "text/javascript",
            "exec": [
              ""
            ]
          }
        }
      ]
    },
    {
      "name": "Tracks",
      "item": [
        {
          "name": "get all",
          "protocolProfileBehavior": {
            "disableBodyPruning": true
          },
          "request": {
            "auth": {
              "type": "noauth"
            },
            "method": "GET",
            "header": [],
            "body": {
              "mode": "raw",
              "raw": "{\n    \"name\": \"qweqweqwe\",\n    \"description\": \"description\",\n    \"country\": \"country\",\n    \"year\": 1970\n}",
              "options": {
                "raw": {
                  "language": "json"
                }
              }
            },
            "url": {
              "raw": "{{tracks_url}}",
              "host": [
                "{{tracks_url}}"
              ]
            }
          },
          "response": []
        },
        {
          "name": "delete",
          "request": {
            "method": "DELETE",
            "header": [],
            "url": {
              "raw": "{{tracks_url}}/:id",
              "host": [
                "{{tracks_url}}"
              ],
              "path": [
                ":id"
              ],
              "variable": [
                {
                  "key": "id",
                  "value": null
                }
              ]
            }
          },
          "response": []
        },
        {
          "name": "update",
          "request": {
            "method": "PUT",
            "header": [],
            "body": {
              "mode": "raw",
              "raw": "{\n    \"name\": \"name\",\n    \"description\": \"description\",\n    \"country\": \"country\",\n    \"_id\": \"62a9c3e9e50483c971738b27\",\n    \"year\": 1970\n}",
              "options": {
                "raw": {
                  "language": "json"
                }
              }
            },
            "url": {
              "raw": "{{tracks_url}}/:id",
              "host": [
                "{{tracks_url}}"
              ],
              "path": [
                ":id"
              ],
              "variable": [
                {
                  "key": "id",
                  "value": null
                }
              ]
            }
          },
          "response": []
        },
        {
          "name": "create",
          "request": {
            "method": "POST",
            "header": [],
            "body": {
              "mode": "raw",
              "raw": "{\n    \"name\": \"name\",\n    \"description\": \"description\",\n    \"country\": \"country\",\n    \"year\": 1970\n}",
              "options": {
                "raw": {
                  "language": "json"
                }
              }
            },
            "url": {
              "raw": "{{tracks_url}}",
              "host": [
                "{{tracks_url}}"
              ]
            }
          },
          "response": []
        },
        {
          "name": "get by id",
          "protocolProfileBehavior": {
            "disableBodyPruning": true
          },
          "request": {
            "method": "GET",
            "header": [],
            "body": {
              "mode": "raw",
              "raw": "{\n    \"name\": \"name\",\n    \"description\": \"description\",\n    \"country\": \"country\",\n    \"year\": 1970\n}",
              "options": {
                "raw": {
                  "language": "json"
                }
              }
            },
            "url": {
              "raw": "{{tracks_url}}/:id",
              "host": [
                "{{tracks_url}}"
              ],
              "path": [
                ":id"
              ],
              "variable": [
                {
                  "key": "id",
                  "value": null
                }
              ]
            }
          },
          "response": []
        }
      ]
    },
    {
      "name": "Favourites",
      "item": [
        {
          "name": "get all",
          "protocolProfileBehavior": {
            "disableBodyPruning": true
          },
          "request": {
            "method": "GET",
            "header": [],
            "body": {
              "mode": "raw",
              "raw": "{\n    \"name\": \"qweqweqwe\",\n    \"description\": \"description\",\n    \"country\": \"country\",\n    \"year\": 1970\n}",
              "options": {
                "raw": {
                  "language": "json"
                }
              }
            },
            "url": {
              "raw": "{{favourites_url}}",
              "host": [
                "{{favourites_url}}"
              ]
            }
          },
          "response": []
        },
        {
          "name": "remove",
          "request": {
            "method": "PUT",
            "header": [],
            "body": {
              "mode": "raw",
              "raw": "{\n    \"type\": \"artists\",\n    \"id\": \"dafartrqtesd\"\n}",
              "options": {
                "raw": {
                  "language": "json"
                }
              }
            },
            "url": {
              "raw": "{{favourites_url}}/remove",
              "host": [
                "{{favourites_url}}"
              ],
              "path": [
                "remove"
              ]
            }
          },
          "response": []
        },
        {
          "name": "add",
          "request": {
            "method": "PUT",
            "header": [],
            "body": {
              "mode": "raw",
              "raw": "{\n    \"type\": \"artists\",\n    \"id\": \"dafartrqtesd\"\n}",
              "options": {
                "raw": {
                  "language": "json"
                }
              }
            },
            "url": {
              "raw": "{{favourites_url}}/add",
              "host": [
                "{{favourites_url}}"
              ],
              "path": [
                "add"
              ]
            }
          },
          "response": []
        }
      ]
    }
  ],
  "auth": {
    "type": "bearer",
    "bearer": [
      {
        "key": "token",
        "value": "{{auth_token}}",
        "type": "string"
      }
    ]
  },
  "event": [
    {
      "listen": "prerequest",
      "script": {
        "type": "text/javascript",
        "exec": [
          ""
        ]
      }
    },
    {
      "listen": "test",
      "script": {
        "type": "text/javascript",
        "exec": [
          ""
        ]
      }
    }
  ]
}