{
  "id": "9f75fe68-0668-40ae-b833-b4cbf9177d4b",
  "name": "Musicify",
  "values": [
    {
      "key": "genres_url",
      "value": "http://localhost:3001/v1/genres",
      "type": "default",
      "enabled": true
    },
    {
      "key": "artists_url",
      "value": "http://localhost:3002/v1/artists",
      "type": "default",
      "enabled": true
    },
    {
      "key": "bands_url",
      "value": "http://localhost:3003/v1/bands",
      "type": "default",
      "enabled": true
    },
    {
      "key": "users_url",
      "value": "http://localhost:3004/v1/users",
      "type": "default",
      "enabled": true
    },
    {
      "key": "albums_url",
      "value": "http://localhost:3005/v1/albums",
      "type": "default",
      "enabled": true
    },
    {
      "key": "tracks_url",
      "value": "http://localhost:3006/v1/tracks",
      "type": "default",
      "enabled": true
    },
    {
      "key": "favourites_url",
      "value": "http://localhost:3007/v1/favourites",
      "type": "default",
      "enabled": true
    },
    {
      "key": "auth_token",
      "value": "auth_token",
      "type": "default",
      "enabled": true
    }
  ],
  "_postman_variable_scope": "environment",
  "_postman_exported_at": "2022-06-24T07:20:05.750Z",
  "_postman_exported_using": "Postman/9.22.3"
}