{
  "0": "active-tasks/Angular-YouTube-client.json",
  "1": "active-tasks/HTML&CSS.json",
  "2": "active-tasks/Nodejs_basic-task1-caesar.json",
  "3": "active-tasks/art-quiz.json",
  "4": "active-tasks/async-race.json",
  "5": "active-tasks/audio-player.json",
  "6": "active-tasks/calculator.json",
  "7": "active-tasks/clean-code-s1e1.json",
  "8": "active-tasks/codejam-2022q3.json",
  "9": "active-tasks/codejam-css-bayan.json",
  "10": "active-tasks/codejam-the-gem-puzzle.json",
  "11": "active-tasks/covid-dashboard.json",
  "12": "active-tasks/custom-video.json",
  "13": "active-tasks/cv-stage1.json",
  "14": "active-tasks/cv.json",
  "15": "active-tasks/eco-sounds.json",
  "16": "active-tasks/english-for-kids.json",
  "17": "active-tasks/english-puzzle.json",
  "18": "active-tasks/fancy-weather.json",
  "19": "active-tasks/image-galery.json",
  "20": "active-tasks/js30.json",
  "21": "active-tasks/memory-game.json",
  "22": "active-tasks/momentum-stage1.json",
  "23": "active-tasks/momentum.json",
  "24": "active-tasks/movie-app.json",
  "25": "active-tasks/movie-search.json",
  "26": "active-tasks/museum-adaptive.json",
  "27": "active-tasks/museum-dom.json",
  "28": "active-tasks/museum-stage0.json",
  "29": "active-tasks/museum.json",
  "30": "active-tasks/online-store.json",
  "31": "active-tasks/photo-filter.json",
  "32": "active-tasks/plants-part1.json",
  "33": "active-tasks/plants-part2.json",
  "34": "active-tasks/plants-part3.json",
  "35": "active-tasks/portfolio.json",
  "36": "active-tasks/random-game.json",
  "37": "active-tasks/random-jokes.json",
  "38": "active-tasks/react-schedule.json",
  "39": "active-tasks/react-xcheck.json",
  "40": "active-tasks/react_01.json",
  "41": "active-tasks/rs-clone-presentation.json",
  "42": "active-tasks/rs-clone.json",
  "43": "active-tasks/rs-ds-2-linear-regression.json",
  "44": "active-tasks/rs-ds-7-clustering-dimensionality-reduction.json",
  "45": "active-tasks/rs-lang.json",
  "46": "active-tasks/rs-scc.json",
  "47": "active-tasks/rslang.json",
  "48": "active-tasks/rss-english-for-kids.json",
  "49": "active-tasks/rss-fancy-weather.json",
  "50": "active-tasks/rss-movie-search.json",
  "51": "active-tasks/rss-singolo-dom-and-responsive.json",
  "52": "active-tasks/rss-singolo.json",
  "53": "active-tasks/rss-virtual-keyboard.json",
  "54": "active-tasks/schedule.json",
  "55": "active-tasks/shelter-part-1.json",
  "56": "active-tasks/shelter-part-2.json",
  "57": "active-tasks/shelter-part-3.json",
  "58": "active-tasks/song-bird.json",
  "59": "active-tasks/songbird.json",
  "60": "active-tasks/speakit.json",
  "61": "active-tasks/tic-tac-toe.json",
  "62": "active-tasks/travel-part1.json",
  "63": "active-tasks/travel-part2.json",
  "64": "active-tasks/travel-part3.json",
  "65": "active-tasks/virtual-keyboard.json",
  "66": "active-tasks/virtual-piano.json",
  "67": "active-tasks/wildlife.json"
}
